filename,store_name,store_address,store_code,taxpayer_name,tax_id,receipt_number,cashier_name,date,time,item_name,quantity,unit_price,line_total,subtotal,vat_18_percent,total_tax,cashless_payment,cash_payment,bonus_payment,advance_payment,credit_payment,queue_number,cash_register_model,cash_register_serial,fiscal_id,fiscal_registration,refund_amount,refund_date,refund_time
9FjTM9ngrpCu.jpeg,PROMART Məhdud Məsuliyyətli Cəmiyyəti,"AZ1007 BAKI ŞƏHƏRİ, NƏRİMANOV RAYONU, SÜLEYMAN RÜSTƏM",1702278621-14001,PROMART Məhdud Məsuliyyətli Cəmiyyəti,1702278621,16538,Hasanova Gulnar,15.01.2024,08:30:11,PECENYE ETI BURCAK,1,1.49,1.49,6.48,0.99,0.99,6.48,0.00,0.00,0.00,0.00,319,NCR RealPOS XR7 (7703) KLR M-POS 1.05.90,0000035727,9FİTMƏngrpCu,0000163236,0.17,15.02.2024,06:01
9FjTM9ngrpCu.jpeg,PROMART Məhdud Məsuliyyətli Cəmiyyəti,"AZ1007 BAKI ŞƏHƏRİ, NƏRİMANOV RAYONU, SÜLEYMAN RÜSTƏM",1702278621-14001,PROMART Məhdud Məsuliyyətli Cəmiyyəti,1702278621,16538,Hasanova Gulnar,15.01.2024,08:30:11,CAPPUCCINO JACOBS,1,0.79,0.79,6.48,0.99,0.99,6.48,0.00,0.00,0.00,0.00,319,NCR RealPOS XR7 (7703) KLR M-POS 1.05.90,0000035727,9FİTMƏngrpCu,0000163236,0.17,15.02.2024,06:01
9FjTM9ngrpCu.jpeg,PROMART Məhdud Məsuliyyətli Cəmiyyəti,"AZ1007 BAKI ŞƏHƏRİ, NƏRİMANOV RAYONU, SÜLEYMAN RÜSTƏM",1702278621-14001,PROMART Məhdud Məsuliyyətli Cəmiyyəti,1702278621,16538,Hasanova Gulnar,15.01.2024,08:30:11,KRUASSAN 7DAYS 200QR,1,4.20,4.20,6.48,0.99,0.99,6.48,0.00,0.00,0.00,0.00,319,NCR RealPOS XR7 (7703) KLR M-POS 1.05.90,0000035727,9FİTMƏngrpCu,0000163236,0.17,15.02.2024,06:01
zbRTryY1MVkR.jpeg,PROMART Məhdud Məsuliyyətli Cəmiyyəti,"AZ1007 BAKI ŞƏHƏRİ, NƏRİMANOV RAYONU, SÜLEYMAN RÜSTƏM KÜÇƏSİ",1702278621-14001,PROMART Məhdud Məsuliyyətli Cəmiyyəti,1702278621,786717,Quliyeva Gulnar,09.06.2023,08:20:47,SU SİRAB 1L QAZSIZ PL,1,0.85,0.85,3.33,0.51,0.51,3.33,0.00,0.00,0.00,0.00,90,IBM POS 700,41ARR40,zbRTiyYIMVKR,0000021835,0.09,09.07.2023,12:03
zbRTryY1MVkR.jpeg,PROMART Məhdud Məsuliyyətli Cəmiyyəti,"AZ1007 BAKI ŞƏHƏRİ, NƏRİMANOV RAYONU, SÜLEYMAN RÜSTƏM KÜÇƏSİ",1702278621-14001,PROMART Məhdud Məsuliyyətli Cəmiyyəti,1702278621,786717,Quliyeva Gulnar,09.06.2023,08:20:47,SU SİRAB 1L QAZSIZ PL,1,0.85,0.85,3.33,0.51,0.51,3.33,0.00,0.00,0.00,0.00,90,IBM POS 700,41ARR40,zbRTiyYIMVKR,0000021835,0.09,09.07.2023,12:03
zbRTryY1MVkR.jpeg,PROMART Məhdud Məsuliyyətli Cəmiyyəti,"AZ1007 BAKI ŞƏHƏRİ, NƏRİMANOV RAYONU, SÜLEYMAN RÜSTƏM KÜÇƏSİ",1702278621-14001,PROMART Məhdud Məsuliyyətli Cəmiyyəti,1702278621,786717,Quliyeva Gulnar,09.06.2023,08:20:47,A2CAKE XACAPURI PENDİR,1,1.60,1.60,3.33,0.51,0.51,3.33,0.00,0.00,0.00,0.00,90,IBM POS 700,41ARR40,zbRTiyYIMVKR,0000021835,0.09,09.07.2023,12:03
zbRTryY1MVkR.jpeg,PROMART Məhdud Məsuliyyətli Cəmiyyəti,"AZ1007 BAKI ŞƏHƏRİ, NƏRİMANOV RAYONU, SÜLEYMAN RÜSTƏM KÜÇƏSİ",1702278621-14001,PROMART Məhdud Məsuliyyətli Cəmiyyəti,1702278621,786717,Quliyeva Gulnar,09.06.2023,08:20:47,MAGAZA PAKETİ KİCİK,1,0.03,0.03,3.33,0.51,0.51,3.33,0.00,0.00,0.00,0.00,90,IBM POS 700,41ARR40,zbRTiyYIMVKR,0000021835,0.09,09.07.2023,12:03
UQqWum1T5UPB.jpeg,PROMART Məhdud Məsuliyyətli Cəmiyyəti,"Bakı şəhəri, Süleyman Rüstəm küçəsi",1702278621-14001,PROMART Məhdud Məsuliyyətli Cəmiyyəti,1702278621,238692,Farzaliyev Elmin,02.06.2023,08:40:30,AZCAKE XACAPURI PENDIR,1,1.60,1.60,8.33,1.30,1.30,8.33,0.00,0.00,0.00,0.00,206,IBM POS 700,41AVVK12,UQqVVum1T5UPB,0000030116,0.23,02.07.2023,11:40
UQqWum1T5UPB.jpeg,PROMART Məhdud Məsuliyyətli Cəmiyyəti,"Bakı şəhəri, Süleyman Rüstəm küçəsi",1702278621-14001,PROMART Məhdud Məsuliyyətli Cəmiyyəti,1702278621,238692,Farzaliyev Elmin,02.06.2023,08:40:30,DONDURMA KECI SUDU,1,1.45,1.45,8.33,1.30,1.30,8.33,0.00,0.00,0.00,0.00,206,IBM POS 700,41AVVK12,UQqVVum1T5UPB,0000030116,0.23,02.07.2023,11:40
UQqWum1T5UPB.jpeg,PROMART Məhdud Məsuliyyətli Cəmiyyəti,"Bakı şəhəri, Süleyman Rüstəm küçəsi",1702278621-14001,PROMART Məhdud Məsuliyyətli Cəmiyyəti,1702278621,238692,Farzaliyev Elmin,02.06.2023,08:40:30,PRIVACY DEO L.150ML GÖL SENSATION MAN,1,5.45,5.45,8.33,1.30,1.30,8.33,0.00,0.00,0.00,0.00,206,IBM POS 700,41AVVK12,UQqVVum1T5UPB,0000030116,0.23,02.07.2023,11:40
UQqWum1T5UPB.jpeg,PROMART Məhdud Məsuliyyətli Cəmiyyəti,"Bakı şəhəri, Süleyman Rüstəm küçəsi",1702278621-14001,PROMART Məhdud Məsuliyyətli Cəmiyyəti,1702278621,238692,Farzaliyev Elmin,02.06.2023,08:40:30,MAGAZA PAKETI KICIK,1,0.03,0.03,8.33,1.30,1.30,8.33,0.00,0.00,0.00,0.00,206,IBM POS 700,41AVVK12,UQqVVum1T5UPB,0000030116,0.23,02.07.2023,11:40
8kPuYq4mgxHq.jpeg,YORKER,AZ1142 BAKI ŞƏHƏRİ,1000143741-20001,SSİ RETAİL MƏHDUD MƏSULİYYƏTLİ CƏMİYYƏTİ,1000143741,16661,Api,18.03.2023,10:45:19,BlkActiveBackpack,1,69.99,69.99,69.99,10.68,10.68,69.99,0.00,0.00,0.00,0.00,7,TPS575 Smart POS,2001G57500301817,8kPuYq4mgxHq,0000013978,1.87,17.04.2023,11:51
563vPHE3rPgh.jpeg,ARAZ SUPERMARKET,"Bakı şəhəri, Gəncə pr., ev. Korpus 04, 09 m.2942 saylı bina",1001994141-20022,ARAZ SUPERMARKET MƏHDUD MƏSULİYYƏTLİ CƏMİYYƏTİ,1001994141,134541,Konul Bayramova,28.03.2023,19:06:48,Paket Araz,1,0.05,0.05,10.17,1.43,1.43,10.17,0.00,0.00,0.00,0.00,398,NBA FiscalBox,900119100844,563vPHE3rPgh,0000007877,0.25,27.04.2023,07:33
563vPHE3rPgh.jpeg,ARAZ SUPERMARKET,"Bakı şəhəri, Gəncə pr., ev. Korpus 04, 09 m.2942 saylı bina",1001994141-20022,ARAZ SUPERMARKET MƏHDUD MƏSULİYYƏTLİ CƏMİYYƏTİ,1001994141,134541,Konul Bayramova,28.03.2023,19:06:48,SIRAB QAZSIZ SU PET,2,0.59,1.18,10.17,1.43,1.43,10.17,0.00,0.00,0.00,0.00,398,NBA FiscalBox,900119100844,563vPHE3rPgh,0000007877,0.25,27.04.2023,07:33
563vPHE3rPgh.jpeg,ARAZ SUPERMARKET,"Bakı şəhəri, Gəncə pr., ev. Korpus 04, 09 m.2942 saylı bina",1001994141-20022,ARAZ SUPERMARKET MƏHDUD MƏSULİYYƏTLİ CƏMİYYƏTİ,1001994141,134541,Konul Bayramova,28.03.2023,19:06:48,IVANOVKA DOVGA,2,1.55,3.10,10.17,1.43,1.43,10.17,0.00,0.00,0.00,0.00,398,NBA FiscalBox,900119100844,563vPHE3rPgh,0000007877,0.25,27.04.2023,07:33
563vPHE3rPgh.jpeg,ARAZ SUPERMARKET,"Bakı şəhəri, Gəncə pr., ev. Korpus 04, 09 m.2942 saylı bina",1001994141-20022,ARAZ SUPERMARKET MƏHDUD MƏSULİYYƏTLİ CƏMİYYƏTİ,1001994141,134541,Konul Bayramova,28.03.2023,19:06:48,BIQ BON QOVYAD QRIL,1,2.10,2.10,10.17,1.43,1.43,10.17,0.00,0.00,0.00,0.00,398,NBA FiscalBox,900119100844,563vPHE3rPgh,0000007877,0.25,27.04.2023,07:33
563vPHE3rPgh.jpeg,ARAZ SUPERMARKET,"Bakı şəhəri, Gəncə pr., ev. Korpus 04, 09 m.2942 saylı bina",1001994141-20022,ARAZ SUPERMARKET MƏHDUD MƏSULİYYƏTLİ CƏMİYYƏTİ,1001994141,134541,Konul Bayramova,28.03.2023,19:06:48,LEZZET DUNYASI PAYTA,1,2.95,2.95,10.17,1.43,1.43,10.17,0.00,0.00,0.00,0.00,398,NBA FiscalBox,900119100844,563vPHE3rPgh,0000007877,0.25,27.04.2023,07:33
563vPHE3rPgh.jpeg,ARAZ SUPERMARKET,"Bakı şəhəri, Gəncə pr., ev. Korpus 04, 09 m.2942 saylı bina",1001994141-20022,ARAZ SUPERMARKET MƏHDUD MƏSULİYYƏTLİ CƏMİYYƏTİ,1001994141,134541,Konul Bayramova,28.03.2023,19:06:48,TENDIR COREYI,1,0.79,0.79,10.17,1.43,1.43,10.17,0.00,0.00,0.00,0.00,398,NBA FiscalBox,900119100844,563vPHE3rPgh,0000007877,0.25,27.04.2023,07:33
FtpVam2hjMpY.jpeg,ARAZ SUPERMARKET,"BAKI ŞƏHƏRİ, NƏSİMİ RAYONU, GƏNCƏ PR. ev.KORPUS 04",1001994141-20022,ARAZ SUPERMARKET MƏHDUD MƏSULİYYƏTLİ CƏMİYYƏTİ,1001994141,162948,Eliyar Memmedov,10.04.2023,00:38:05,LAMPA 300-BT,1,1.59,1.59,31.22,4.76,4.76,32.01,0.00,0.00,0.00,0.00,36,NBA FiscalBox,900119100843,FtpVam2hiMpY,0000007875,0.83,10.05.2023,15:51
FtpVam2hjMpY.jpeg,ARAZ SUPERMARKET,"BAKI ŞƏHƏRİ, NƏSİMİ RAYONU, GƏNCƏ PR. ev.KORPUS 04",1001994141-20022,ARAZ SUPERMARKET MƏHDUD MƏSULİYYƏTLİ CƏMİYYƏTİ,1001994141,162948,Eliyar Memmedov,10.04.2023,00:38:05,DARDANEL FASULYELI T,3,5.55,16.65,31.22,4.76,4.76,32.01,0.00,0.00,0.00,0.00,36,NBA FiscalBox,900119100843,FtpVam2hiMpY,0000007875,0.83,10.05.2023,15:51
FtpVam2hjMpY.jpeg,ARAZ SUPERMARKET,"BAKI ŞƏHƏRİ, NƏSİMİ RAYONU, GƏNCƏ PR. ev.KORPUS 04",1001994141-20022,ARAZ SUPERMARKET MƏHDUD MƏSULİYYƏTLİ CƏMİYYƏTİ,1001994141,162948,Eliyar Memmedov,10.04.2023,00:38:05,XONCA QARABAG KETESİ,2,1.15,2.30,31.22,4.76,4.76,32.01,0.00,0.00,0.00,0.00,36,NBA FiscalBox,900119100843,FtpVam2hiMpY,0000007875,0.83,10.05.2023,15:51
FtpVam2hjMpY.jpeg,ARAZ SUPERMARKET,"BAKI ŞƏHƏRİ, NƏSİMİ RAYONU, GƏNCƏ PR. ev.KORPUS 04",1001994141-20022,ARAZ SUPERMARKET MƏHDUD MƏSULİYYƏTLİ CƏMİYYƏTİ,1001994141,162948,Eliyar Memmedov,10.04.2023,00:38:05,SIRAB QAZSIZ SU PET,1,0.59,0.59,31.22,4.76,4.76,32.01,0.00,0.00,0.00,0.00,36,NBA FiscalBox,900119100843,FtpVam2hiMpY,0000007875,0.83,10.05.2023,15:51
FtpVam2hjMpY.jpeg,ARAZ SUPERMARKET,"BAKI ŞƏHƏRİ, NƏSİMİ RAYONU, GƏNCƏ PR. ev.KORPUS 04",1001994141-20022,ARAZ SUPERMARKET MƏHDUD MƏSULİYYƏTLİ CƏMİYYƏTİ,1001994141,162948,Eliyar Memmedov,10.04.2023,00:38:05,BAKILI QIZ DON.QEHVE,2,0.65,1.30,31.22,4.76,4.76,32.01,0.00,0.00,0.00,0.00,36,NBA FiscalBox,900119100843,FtpVam2hiMpY,0000007875,0.83,10.05.2023,15:51
FtpVam2hjMpY.jpeg,ARAZ SUPERMARKET,"BAKI ŞƏHƏRİ, NƏSİMİ RAYONU, GƏNCƏ PR. ev.KORPUS 04",1001994141-20022,ARAZ SUPERMARKET MƏHDUD MƏSULİYYƏTLİ CƏMİYYƏTİ,1001994141,162948,Eliyar Memmedov,10.04.2023,00:38:05,ELİDOR SAGLAM SAC UZ.,1,5.75,5.75,31.22,4.76,4.76,32.01,0.00,0.00,0.00,0.00,36,NBA FiscalBox,900119100843,FtpVam2hiMpY,0000007875,0.83,10.05.2023,15:51
FtpVam2hjMpY.jpeg,ARAZ SUPERMARKET,"BAKI ŞƏHƏRİ, NƏSİMİ RAYONU, GƏNCƏ PR. ev.KORPUS 04",1001994141-20022,ARAZ SUPERMARKET MƏHDUD MƏSULİYYƏTLİ CƏMİYYƏTİ,1001994141,162948,Eliyar Memmedov,10.04.2023,00:38:05,ROMASHKA XAMA 2596 20,1,2.99,2.99,31.22,4.76,4.76,32.01,0.00,0.00,0.00,0.00,36,NBA FiscalBox,900119100843,FtpVam2hiMpY,0000007875,0.83,10.05.2023,15:51
FtpVam2hjMpY.jpeg,ARAZ SUPERMARKET,"BAKI ŞƏHƏRİ, NƏSİMİ RAYONU, GƏNCƏ PR. ev.KORPUS 04",1001994141-20022,ARAZ SUPERMARKET MƏHDUD MƏSULİYYƏTLİ CƏMİYYƏTİ,1001994141,162948,Eliyar Memmedov,10.04.2023,00:38:05,TENDİR COREYI EDED,1,0.79,0.79,31.22,4.76,4.76,32.01,0.00,0.00,0.00,0.00,36,NBA FiscalBox,900119100843,FtpVam2hiMpY,0000007875,0.83,10.05.2023,15:51
FtpVam2hjMpY.jpeg,ARAZ SUPERMARKET,"BAKI ŞƏHƏRİ, NƏSİMİ RAYONU, GƏNCƏ PR. ev.KORPUS 04",1001994141-20022,ARAZ SUPERMARKET MƏHDUD MƏSULİYYƏTLİ CƏMİYYƏTİ,1001994141,162948,Eliyar Memmedov,10.04.2023,00:38:05,Paket Araz 31:60 5KG,1,0.05,0.05,31.22,4.76,4.76,32.01,0.00,0.00,0.00,0.00,36,NBA FiscalBox,900119100843,FtpVam2hiMpY,0000007875,0.83,10.05.2023,15:51
2yzYgpvEYyDM.jpeg,GRAND-MART,"Bakı şəhəri, Əhmədli, Məhəmməd Hadi ev.75",1401395111-20002,GRAND-MART MƏHDUD MƏSULİYYƏTLİ CƏMİYYƏTİ,1401395111,311670,Muradova Goycak,14.01.2024,15:24:25,A2CAKE AG TENDIR ED,1,0.75,0.75,6.20,0.83,0.83,,,,,,341,NCR RealPOS XR7 (7703) KLR M-POS 1.05.90,0000039327,2yzYgpvEYyDM,0000096602,0.15,14.02.2024,04:09
2yzYgpvEYyDM.jpeg,GRAND-MART,"Bakı şəhəri, Əhmədli, Məhəmməd Hadi ev.75",1401395111-20002,GRAND-MART MƏHDUD MƏSULİYYƏTLİ CƏMİYYƏTİ,1401395111,311670,Muradova Goycak,14.01.2024,15:24:25,PRIVACY DEO MEN 150ML K LASSIK,1,5.45,5.45,6.20,0.83,0.83,,,,,,341,NCR RealPOS XR7 (7703) KLR M-POS 1.05.90,0000039327,2yzYgpvEYyDM,0000096602,0.15,14.02.2024,04:09
5gqhbyNXxtwC.jpeg,Sahil Trading MMC,"AZ1014 Bakı Şəhəri, 2 Rayonu, Şəmsi Bədəlbəyli ev.102",0800005671-14001,Sahil Trading MMC,0800005671,93125,Nergiz Memmedli,25.05.2023,08:42:15,Storck Meks Kofe,1,4.84,4.84,5.78,0.88,0.88,5.78,0.0,0.0,0.0,0.0,79,NBA FiscalBox,900119070047,5gqhbyNXxturC,0000120346,0.15,24.06.2023,12:59
5gqhbyNXxtwC.jpeg,Sahil Trading MMC,"AZ1014 Bakı Şəhəri, 2 Rayonu, Şəmsi Bədəlbəyli ev.102",0800005671-14001,Sahil Trading MMC,0800005671,93125,Nergiz Memmedli,25.05.2023,08:42:15,Slavyanka Qazsız Su,1,0.94,0.94,5.78,0.88,0.88,5.78,0.0,0.0,0.0,0.0,79,NBA FiscalBox,900119070047,5gqhbyNXxturC,0000120346,0.15,24.06.2023,12:59
5gqhbyNXxtwC.jpeg,Sahil Trading MMC,"AZ1014 Bakı Şəhəri, 2 Rayonu, Şəmsi Bədəlbəyli ev.102",0800005671-14001,Sahil Trading MMC,0800005671,93125,Nergiz Memmedli,25.05.2023,08:42:15,Paket Kiçik,1,0.03,0.03,5.78,0.88,0.88,5.78,0.0,0.0,0.0,0.0,79,NBA FiscalBox,900119070047,5gqhbyNXxturC,0000120346,0.15,24.06.2023,12:59
AnTanThEYv5k.jpeg,,,,,,,,,,,,,,,,,0.00,0.00,0.00,0.00,0.00,,,,,,,,
2Lg8g12Erwk5.jpeg,GRAND-MART,"Bakı şəhəri, Məhəmməd Hadi ev.75",1401395111-20002,GRAND-MART MƏHDUD MƏSULİYYƏTLİ CƏMİYYƏTİ,1401395111,2206,Shabizade Elmin,15.01.2024,18:50:38,AZCAKE TENDİR COREK İRİ,1,1.00,1.00,7.05,0.92,0.92,7.05,0.00,0.00,0.00,0.00,16,NCR RealPOS XR7 (7703) KLR M-POS 1.05.90,0000023239,2Lg8g12Erwk5,0000162588,0.16,15.02.2024,00:46
2Lg8g12Erwk5.jpeg,GRAND-MART,"Bakı şəhəri, Məhəmməd Hadi ev.75",1401395111-20002,GRAND-MART MƏHDUD MƏSULİYYƏTLİ CƏMİYYƏTİ,1401395111,2206,Shabizade Elmin,15.01.2024,18:50:38,PECENYE (OYPA 1270R HA ZELNUT,1,1.90,1.90,7.05,0.92,0.92,7.05,0.00,0.00,0.00,0.00,16,NCR RealPOS XR7 (7703) KLR M-POS 1.05.90,0000023239,2Lg8g12Erwk5,0000162588,0.16,15.02.2024,00:46
2Lg8g12Erwk5.jpeg,GRAND-MART,"Bakı şəhəri, Məhəmməd Hadi ev.75",1401395111-20002,GRAND-MART MƏHDUD MƏSULİYYƏTLİ CƏMİYYƏTİ,1401395111,2206,Shabizade Elmin,15.01.2024,18:50:38,AZCAKE TENDİR QUTAB ET,2,1.10,2.20,7.05,0.92,0.92,7.05,0.00,0.00,0.00,0.00,16,NCR RealPOS XR7 (7703) KLR M-POS 1.05.90,0000023239,2Lg8g12Erwk5,0000162588,0.16,15.02.2024,00:46
2Lg8g12Erwk5.jpeg,GRAND-MART,"Bakı şəhəri, Məhəmməd Hadi ev.75",1401395111-20002,GRAND-MART MƏHDUD MƏSULİYYƏTLİ CƏMİYYƏTİ,1401395111,2206,Shabizade Elmin,15.01.2024,18:50:38,MAGAZA PAKETİ BOYUK,1,0.05,0.05,7.05,0.92,0.92,7.05,0.00,0.00,0.00,0.00,16,NCR RealPOS XR7 (7703) KLR M-POS 1.05.90,0000023239,2Lg8g12Erwk5,0000162588,0.16,15.02.2024,00:46
7HhCKAhswVgT.jpeg,ARAZ SUPERMARKET,"Bakı şəhəri, Kətai rayonu, Gəncə pr. ev.2942-ci məhəllə 4-cü korpus",1001994141-20019,ARAZ SUPERMARKET MƏHDUD MƏSULİYYƏTLİ CƏMİYYƏTİ,1001994141,404406,Agos Bagirov,26.03.2023,00:38:28,TARLA NAR SİRE,1,2.79,2.79,4.34,0.66,0.66,4.34,0.00,0.00,0.00,0.00,23,NBA FiscalBox,900120010612,7HhCKAhsu/VgT,0000022720,0.12,25.04.2023,09:32
7HhCKAhswVgT.jpeg,ARAZ SUPERMARKET,"Bakı şəhəri, Kətai rayonu, Gəncə pr. ev.2942-ci məhəllə 4-cü korpus",1001994141-20019,ARAZ SUPERMARKET MƏHDUD MƏSULİYYƏTLİ CƏMİYYƏTİ,1001994141,404406,Agos Bagirov,26.03.2023,00:38:28,IVANOVKA DOVGA,1,1.55,1.55,4.34,0.66,0.66,4.34,0.00,0.00,0.00,0.00,23,NBA FiscalBox,900120010612,7HhCKAhsu/VgT,0000022720,0.12,25.04.2023,09:32
ziH2EQKd9MN9.jpeg,MARKET,"AZ1022 BAKI ŞƏHƏRİ, Nəsimi RAYONU, KƏRPİC ev16",1701102351-14010,"""ANC GROUP"" MƏHDUD MƏSULİYYƏTLİ CƏMİYYƏTİ",1701102351,331612,Sərxan Hüseynov Rövşən,21.05.2023,14:11:41,FR.SAD MANDARIN MiX İİT,1,2.35,2.35,2.35,0.36,0.36,2.35,0.00,0.00,0.00,0.00,216,IPOS AZ1001,ESOF000212,zi42EQKd9MN9,0000071136,0.06,20.06.2023,10:30
8xxqCCnAATyo.jpeg,Sahil Trading MMC,"AZ1014 Bakı Şəhəri, 2 Rayonu, Şəmsi Bədəlbəyli ev.102",0800005671-14001,Sahil Trading MMC,0800005671,516,Fidan Qehremanli,07.06.2023,14:07:41,Sirab Su Qazsız,1,0.95,0.95,4.38,0.66,0.66,4.38,0.00,0.00,0.00,0.00,516,NBA FiscalBox,9001909006,8xxqCCnAAlyo,0000000606,0.12,07.07.2023,10:17
8xxqCCnAATyo.jpeg,Sahil Trading MMC,"AZ1014 Bakı Şəhəri, 2 Rayonu, Şəmsi Bədəlbəyli ev.102",0800005671-14001,Sahil Trading MMC,0800005671,516,Fidan Qehremanli,07.06.2023,14:07:41,Firin Xacapuri Etli,2,1.70,3.40,4.38,0.66,0.66,4.38,0.00,0.00,0.00,0.00,516,NBA FiscalBox,9001909006,8xxqCCnAAlyo,0000000606,0.12,07.07.2023,10:17
8xxqCCnAATyo.jpeg,Sahil Trading MMC,"AZ1014 Bakı Şəhəri, 2 Rayonu, Şəmsi Bədəlbəyli ev.102",0800005671-14001,Sahil Trading MMC,0800005671,516,Fidan Qehremanli,07.06.2023,14:07:41,Paket Kiçik,1,0.03,0.03,4.38,0.66,0.66,4.38,0.00,0.00,0.00,0.00,516,NBA FiscalBox,9001909006,8xxqCCnAAlyo,0000000606,0.12,07.07.2023,10:17
EEtAKEvE53u7.jpeg,ARAZ SUPERMARKET MƏHDUD MƏSULİYYƏTLİ CƏMİYYƏTİ,"Bakı şəhəri, Xudafərin küçəsi, 2942 saylı bina",1001994141-20022,ARAZ SUPERMARKET MƏHDUD MƏSULİYYƏTLİ CƏMİYYƏTİ,1001994141,193437,Ramazan Zeynalov,17.05.2023,23:32:27,DARDANEL FASULYELI T,1,5.69,5.69,7.87,1.08,1.08,7.87,0.00,0.00,0.00,0.00,732,NBA FiscalBox,900119100843,EEtAKEVE53u7,0000007875,0.19,16.06.2023,08:13
EEtAKEvE53u7.jpeg,ARAZ SUPERMARKET MƏHDUD MƏSULİYYƏTLİ CƏMİYYƏTİ,"Bakı şəhəri, Xudafərin küçəsi, 2942 saylı bina",1001994141-20022,ARAZ SUPERMARKET MƏHDUD MƏSULİYYƏTLİ CƏMİYYƏTİ,1001994141,193437,Ramazan Zeynalov,17.05.2023,23:32:27,QLOBUS PLOMBİR KOFE,1,0.65,0.65,7.87,1.08,1.08,7.87,0.00,0.00,0.00,0.00,732,NBA FiscalBox,900119100843,EEtAKEVE53u7,0000007875,0.19,16.06.2023,08:13
EEtAKEvE53u7.jpeg,ARAZ SUPERMARKET MƏHDUD MƏSULİYYƏTLİ CƏMİYYƏTİ,"Bakı şəhəri, Xudafərin küçəsi, 2942 saylı bina",1001994141-20022,ARAZ SUPERMARKET MƏHDUD MƏSULİYYƏTLİ CƏMİYYƏTİ,1001994141,193437,Ramazan Zeynalov,17.05.2023,23:32:27,BAKILI QIZ DON.QEHVE,1,0.69,0.69,7.87,1.08,1.08,7.87,0.00,0.00,0.00,0.00,732,NBA FiscalBox,900119100843,EEtAKEVE53u7,0000007875,0.19,16.06.2023,08:13
EEtAKEvE53u7.jpeg,ARAZ SUPERMARKET MƏHDUD MƏSULİYYƏTLİ CƏMİYYƏTİ,"Bakı şəhəri, Xudafərin küçəsi, 2942 saylı bina",1001994141-20022,ARAZ SUPERMARKET MƏHDUD MƏSULİYYƏTLİ CƏMİYYƏTİ,1001994141,193437,Ramazan Zeynalov,17.05.2023,23:32:27,TENDİR COREYİ EDED,1,0.79,0.79,7.87,1.08,1.08,7.87,0.00,0.00,0.00,0.00,732,NBA FiscalBox,900119100843,EEtAKEVE53u7,0000007875,0.19,16.06.2023,08:13
EEtAKEvE53u7.jpeg,ARAZ SUPERMARKET MƏHDUD MƏSULİYYƏTLİ CƏMİYYƏTİ,"Bakı şəhəri, Xudafərin küçəsi, 2942 saylı bina",1001994141-20022,ARAZ SUPERMARKET MƏHDUD MƏSULİYYƏTLİ CƏMİYYƏTİ,1001994141,193437,Ramazan Zeynalov,17.05.2023,23:32:27,Paket Araz 31*60 5KG,1,0.05,0.05,7.87,1.08,1.08,7.87,0.00,0.00,0.00,0.00,732,NBA FiscalBox,900119100843,EEtAKEVE53u7,0000007875,0.19,16.06.2023,08:13
FrRqVhRvw6BC.jpeg,ARAZ SUPERMARKET,"Bakı şəhəri, Xudafərin küçəsi, 2942 saylı bina",1001994141-20022,ARAZ SUPERMARKET MƏHDUD MƏSULİYYƏTLİ CƏMİYYƏTİ,1001994141,195732,Agos Bagirov,20.05.2023,23:28:49,BAKILI QIZ DON.QEHVE,2,0.69,1.38,7.91,1.09,1.09,7.51,0.00,0.00,0.00,0.00,324,NBA FiscalBox,900119100843,"F""RqVhRvu6BC",0000007875,0.19,19.06.2023,07:23
FrRqVhRvw6BC.jpeg,ARAZ SUPERMARKET,"Bakı şəhəri, Xudafərin küçəsi, 2942 saylı bina",1001994141-20022,ARAZ SUPERMARKET MƏHDUD MƏSULİYYƏTLİ CƏMİYYƏTİ,1001994141,195732,Agos Bagirov,20.05.2023,23:28:49,DARDANEL FASULYELI T,1,5.69,5.69,7.91,1.09,1.09,7.51,0.00,0.00,0.00,0.00,324,NBA FiscalBox,900119100843,"F""RqVhRvu6BC",0000007875,0.19,19.06.2023,07:23
FrRqVhRvw6BC.jpeg,ARAZ SUPERMARKET,"Bakı şəhəri, Xudafərin küçəsi, 2942 saylı bina",1001994141-20022,ARAZ SUPERMARKET MƏHDUD MƏSULİYYƏTLİ CƏMİYYƏTİ,1001994141,195732,Agos Bagirov,20.05.2023,23:28:49,TEMOJA COREYI,1,0.79,0.79,7.91,1.09,1.09,7.51,0.00,0.00,0.00,0.00,324,NBA FiscalBox,900119100843,"F""RqVhRvu6BC",0000007875,0.19,19.06.2023,07:23
FrRqVhRvw6BC.jpeg,ARAZ SUPERMARKET,"Bakı şəhəri, Xudafərin küçəsi, 2942 saylı bina",1001994141-20022,ARAZ SUPERMARKET MƏHDUD MƏSULİYYƏTLİ CƏMİYYƏTİ,1001994141,195732,Agos Bagirov,20.05.2023,23:28:49,Paket Araz 31*60 5KG,1,0.05,0.05,7.91,1.09,1.09,7.51,0.00,0.00,0.00,0.00,324,NBA FiscalBox,900119100843,"F""RqVhRvu6BC",0000007875,0.19,19.06.2023,07:23
AsrYY9yk2auW.jpeg,PROMART Məhdud Məsuliyyətli Cəmiyyəti,"AZ1007 BAKI ŞƏHƏRİ, NƏRİMANOV RAYONU, SÜLEYMAN RÜSTƏM",1702278621-14001,PROMART Məhdud Məsuliyyətli Cəmiyyəti,1702278621,219941,Mammadov Rasad,16.05.2023,14:03:00,MVT.GM ALCA YERLİ KG,1.29,4.00,5.16,8.48,0.45,0.45,8.48,0.00,0.00,0.00,0.00,667,İBM POS 700,41AVVK12,AsrYY9yk2auVV,0000030116,0.07,15.06.2023,11:23
AsrYY9yk2auW.jpeg,PROMART Məhdud Məsuliyyətli Cəmiyyəti,"AZ1007 BAKI ŞƏHƏRİ, NƏRİMANOV RAYONU, SÜLEYMAN RÜSTƏM",1702278621-14001,PROMART Məhdud Məsuliyyətli Cəmiyyəti,1702278621,219941,Mammadov Rasad,16.05.2023,14:03:00,A2CAKE DURUM OZBEK E,1.0,1.50,1.50,8.48,0.45,0.45,8.48,0.00,0.00,0.00,0.00,667,İBM POS 700,41AVVK12,AsrYY9yk2auVV,0000030116,0.07,15.06.2023,11:23
AsrYY9yk2auW.jpeg,PROMART Məhdud Məsuliyyətli Cəmiyyəti,"AZ1007 BAKI ŞƏHƏRİ, NƏRİMANOV RAYONU, SÜLEYMAN RÜSTƏM",1702278621-14001,PROMART Məhdud Məsuliyyətli Cəmiyyəti,1702278621,219941,Mammadov Rasad,16.05.2023,14:03:00,A2CAKE HOT,1.0,0.99,0.99,8.48,0.45,0.45,8.48,0.00,0.00,0.00,0.00,667,İBM POS 700,41AVVK12,AsrYY9yk2auVV,0000030116,0.07,15.06.2023,11:23
AsrYY9yk2auW.jpeg,PROMART Məhdud Məsuliyyətli Cəmiyyəti,"AZ1007 BAKI ŞƏHƏRİ, NƏRİMANOV RAYONU, SÜLEYMAN RÜSTƏM",1702278621-14001,PROMART Məhdud Məsuliyyətli Cəmiyyəti,1702278621,219941,Mammadov Rasad,16.05.2023,14:03:00,MAGAZA PAKETİ KİCİK,1.0,0.03,0.03,8.48,0.45,0.45,8.48,0.00,0.00,0.00,0.00,667,İBM POS 700,41AVVK12,AsrYY9yk2auVV,0000030116,0.07,15.06.2023,11:23
F6T6zN3CyJWZ.jpeg,Hə RDA DƏFTƏRXANA,"AZ1129 BAKI ŞƏHƏRİ, XƏTAİ RAYONU XUDU MƏMMƏDOV ev.247",1701061241-20002,LEKAT MƏHDUD MƏSULİYYƏTLİ CƏMİYYƏTİ,1701061241,18402,Default Clerk,21.01.2024,15:35:25,Məktəb ləvazimatı,1,3.20,3.20,3.20,0.49,0.49,0.0,3.20,0.0,0.0,0.0,48,PAX A930 Smart Kassa V 0.0.1,P1171202085,FeTözN3CYIMVZ,0000132888,0.09,20.02.2024,18:54
ANM2jehF8mJ7.jpeg,İNCİ GROUP OF COMPANİES,"AZ1010 BAKI ŞƏHƏRİ, NƏSİMİ RAYONU, SÜLEYMAN RÜSTƏM ev.7",1700311911-14007,İNCİ GROUP OF COMPANİES QAPALI SƏHMDAR CƏMİYYƏTİ,1700311911,58286,SuperApi,03.07.2023,14:38:51,Qələm Mi-UB-157-BE 0.7mm mavi,1,2.90,2.90,2.90,0.44,0.44,2.90,0.00,0.00,0.01,0.00,49,TPS575 Smart POS,B150575100300314,ANM2jehF8mJ7,0000054433,0.08,02.08.2023,10:37
Co75sE7DgJM7.jpeg,COFFEE,"AZ1010 BAKI ŞƏHƏRİ, NƏSİMİ RAYONU AZADLIQ PR. ev.FÜZULİ küçəsinin KƏSİŞMƏSİ MƏHƏLLƏ 720",1701513331-14002,"""ALSHAYA AZƏRBAYCAN"" MƏHDUD MƏSULİYYƏTLİ CƏMİYYƏTİ",1701513331,40821,MEHMEDZADE,23.01.2024,13:13:29,Tatfe Tall,1,7.00,7.00,9.50,1.45,1.45,9.50,0.00,0.00,0.00,0.00,32,Micros Vlork Station 6,1334ВАА13008797,Co75sE7Dg)M7,0000093453,0.25,23.02.2024,05:56
Co75sE7DgJM7.jpeg,COFFEE,"AZ1010 BAKI ŞƏHƏRİ, NƏSİMİ RAYONU AZADLIQ PR. ev.FÜZULİ küçəsinin KƏSİŞMƏSİ MƏHƏLLƏ 720",1701513331-14002,"""ALSHAYA AZƏRBAYCAN"" MƏHDUD MƏSULİYYƏTLİ CƏMİYYƏTİ",1701513331,40821,MEHMEDZADE,23.01.2024,13:13:29,Surup Yok,1,0.0,0.0,9.50,1.45,1.45,9.50,0.00,0.00,0.00,0.00,32,Micros Vlork Station 6,1334ВАА13008797,Co75sE7Dg)M7,0000093453,0.25,23.02.2024,05:56
Co75sE7DgJM7.jpeg,COFFEE,"AZ1010 BAKI ŞƏHƏRİ, NƏSİMİ RAYONU AZADLIQ PR. ev.FÜZULİ küçəsinin KƏSİŞMƏSİ MƏHƏLLƏ 720",1701513331-14002,"""ALSHAYA AZƏRBAYCAN"" MƏHDUD MƏSULİYYƏTLİ CƏMİYYƏTİ",1701513331,40821,MEHMEDZADE,23.01.2024,13:13:29,Yarım Yaglı Sut,1,0.0,0.0,9.50,1.45,1.45,9.50,0.00,0.00,0.00,0.00,32,Micros Vlork Station 6,1334ВАА13008797,Co75sE7Dg)M7,0000093453,0.25,23.02.2024,05:56
Co75sE7DgJM7.jpeg,COFFEE,"AZ1010 BAKI ŞƏHƏRİ, NƏSİMİ RAYONU AZADLIQ PR. ev.FÜZULİ küçəsinin KƏSİŞMƏSİ MƏHƏLLƏ 720",1701513331-14002,"""ALSHAYA AZƏRBAYCAN"" MƏHDUD MƏSULİYYƏTLİ CƏMİYYƏTİ",1701513331,40821,MEHMEDZADE,23.01.2024,13:13:29,Caramel Surup Ekle,1,2.50,2.50,9.50,1.45,1.45,9.50,0.00,0.00,0.00,0.00,32,Micros Vlork Station 6,1334ВАА13008797,Co75sE7Dg)M7,0000093453,0.25,23.02.2024,05:56
3ZExv5gwy8of.jpeg,ARAZ SUPERMARKET,"Bakı şəhəri, Xudafərin küçəsi, 2942 saylı bina",1001994141-20022,ARAZ SUPERMARKET MƏHDUD MƏSULİYYƏTLİ CƏMİYYƏTİ,1001994141,142148,Ramazan Zeynalov,14.03.2023,22:50:36,VİTAMİN MÜLTİVİTAMIN,1,2.49,2.49,9.24,1.31,1.31,9.24,0.00,0.00,0.00,0.00,738,NBA FiscalBox,900119100843,3ZExv5gwy8of,0000007875,0.23,13.04.2023,07:09
3ZExv5gwy8of.jpeg,ARAZ SUPERMARKET,"Bakı şəhəri, Xudafərin küçəsi, 2942 saylı bina",1001994141-20022,ARAZ SUPERMARKET MƏHDUD MƏSULİYYƏTLİ CƏMİYYƏTİ,1001994141,142148,Ramazan Zeynalov,14.03.2023,22:50:36,İVANOVKA DOVGA,2,1.55,3.10,9.24,1.31,1.31,9.24,0.00,0.00,0.00,0.00,738,NBA FiscalBox,900119100843,3ZExv5gwy8of,0000007875,0.23,13.04.2023,07:09
3ZExv5gwy8of.jpeg,ARAZ SUPERMARKET,"Bakı şəhəri, Xudafərin küçəsi, 2942 saylı bina",1001994141-20022,ARAZ SUPERMARKET MƏHDUD MƏSULİYYƏTLİ CƏMİYYƏTİ,1001994141,142148,Ramazan Zeynalov,14.03.2023,22:50:36,LEZZET DUNYASI PAYTA,1,2.95,2.95,9.24,1.31,1.31,9.24,0.00,0.00,0.00,0.00,738,NBA FiscalBox,900119100843,3ZExv5gwy8of,0000007875,0.23,13.04.2023,07:09
3ZExv5gwy8of.jpeg,ARAZ SUPERMARKET,"Bakı şəhəri, Xudafərin küçəsi, 2942 saylı bina",1001994141-20022,ARAZ SUPERMARKET MƏHDUD MƏSULİYYƏTLİ CƏMİYYƏTİ,1001994141,142148,Ramazan Zeynalov,14.03.2023,22:50:36,ХАО-ХАО COREK,1,0.65,0.65,9.24,1.31,1.31,9.24,0.00,0.00,0.00,0.00,738,NBA FiscalBox,900119100843,3ZExv5gwy8of,0000007875,0.23,13.04.2023,07:09
3ZExv5gwy8of.jpeg,ARAZ SUPERMARKET,"Bakı şəhəri, Xudafərin küçəsi, 2942 saylı bina",1001994141-20022,ARAZ SUPERMARKET MƏHDUD MƏSULİYYƏTLİ CƏMİYYƏTİ,1001994141,142148,Ramazan Zeynalov,14.03.2023,22:50:36,Paket Araz 31*60 5 K,1,0.05,0.05,9.24,1.31,1.31,9.24,0.00,0.00,0.00,0.00,738,NBA FiscalBox,900119100843,3ZExv5gwy8of,0000007875,0.23,13.04.2023,07:09
61WvdwLNQkUA.jpeg,ARAZ SUPERMARKET,"Bakı şəhəri, Nərimanov rayonu, Gəncə pr., ev. Korpus 04, 09 m. 2942 saylı bina",1001994141-20022,ARAZ SUPERMARKET MƏHDUD MƏSULİYYƏTLİ CƏMİYYƏTİ,1001994141,511,Agos Bagirov,17.03.2023,23:19:47,IVANOVKA DOVGA,2,1.55,3.10,8.55,1.30,1.30,8.55,0.00,0.00,0.00,0.00,511,NBA FiscalBox,900119100843,61V/vdurLNQKUA,0000007875,0.23,16.04.2023,06:28
61WvdwLNQkUA.jpeg,ARAZ SUPERMARKET,"Bakı şəhəri, Nərimanov rayonu, Gəncə pr., ev. Korpus 04, 09 m. 2942 saylı bina",1001994141-20022,ARAZ SUPERMARKET MƏHDUD MƏSULİYYƏTLİ CƏMİYYƏTİ,1001994141,511,Agos Bagirov,17.03.2023,23:19:47,LEZZET DUNYASI VINEQ,1,2.95,2.95,8.55,1.30,1.30,8.55,0.00,0.00,0.00,0.00,511,NBA FiscalBox,900119100843,61V/vdurLNQKUA,0000007875,0.23,16.04.2023,06:28
61WvdwLNQkUA.jpeg,ARAZ SUPERMARKET,"Bakı şəhəri, Nərimanov rayonu, Gəncə pr., ev. Korpus 04, 09 m. 2942 saylı bina",1001994141-20022,ARAZ SUPERMARKET MƏHDUD MƏSULİYYƏTLİ CƏMİYYƏTİ,1001994141,511,Agos Bagirov,17.03.2023,23:19:47,EHRMANN SMETANOVNA,1,2.50,2.50,8.55,1.30,1.30,8.55,0.00,0.00,0.00,0.00,511,NBA FiscalBox,900119100843,61V/vdurLNQKUA,0000007875,0.23,16.04.2023,06:28
AYLWSFfkBtwQ.jpeg,Obyektin paylofl-s adlı mağaza,"AZ1014 BAKI ŞƏHƏRİ, 2 RAYONU ŞƏMSİ BƏDƏLBƏYLİ ev.102",0800005671-14001,SAHİL TRADİNG MƏHDUD MƏSULİYYƏTLİ CƏMİYYƏTİ,0800005671,10660,GULNARE BAYRAMOVA,27.04.2023,08:42:48,FİRIN.KETE SİRİN,1,0.90,0.90,12.67,1.93,1.93,12.67,0.00,0.00,0.00,0.00,68,NCR RealPOS XR7 (7703) KLR M-POS 1.05.90,0000039752,AYLIVSFTKBDvQ,0000131911,0.34,27.05.2023,05:59
AYLWSFfkBtwQ.jpeg,Obyektin paylofl-s adlı mağaza,"AZ1014 BAKI ŞƏHƏRİ, 2 RAYONU ŞƏMSİ BƏDƏLBƏYLİ ev.102",0800005671-14001,SAHİL TRADİNG MƏHDUD MƏSULİYYƏTLİ CƏMİYYƏTİ,0800005671,10660,GULNARE BAYRAMOVA,27.04.2023,08:42:48,SOKOLAD MARS PLANET,0.18,19.78,3.56,12.67,1.93,1.93,12.67,0.00,0.00,0.00,0.00,68,NCR RealPOS XR7 (7703) KLR M-POS 1.05.90,0000039752,AYLIVSFTKBDvQ,0000131911,0.34,27.05.2023,05:59
AYLWSFfkBtwQ.jpeg,Obyektin paylofl-s adlı mağaza,"AZ1014 BAKI ŞƏHƏRİ, 2 RAYONU ŞƏMSİ BƏDƏLBƏYLİ ev.102",0800005671-14001,SAHİL TRADİNG MƏHDUD MƏSULİYYƏTLİ CƏMİYYƏTİ,0800005671,10660,GULNARE BAYRAMOVA,27.04.2023,08:42:48,SOKOLAD SNICKERS FİNDİQLI,0.17,20.00,3.40,12.67,1.93,1.93,12.67,0.00,0.00,0.00,0.00,68,NCR RealPOS XR7 (7703) KLR M-POS 1.05.90,0000039752,AYLIVSFTKBDvQ,0000131911,0.34,27.05.2023,05:59
AYLWSFfkBtwQ.jpeg,Obyektin paylofl-s adlı mağaza,"AZ1014 BAKI ŞƏHƏRİ, 2 RAYONU ŞƏMSİ BƏDƏLBƏYLİ ev.102",0800005671-14001,SAHİL TRADİNG MƏHDUD MƏSULİYYƏTLİ CƏMİYYƏTİ,0800005671,10660,GULNARE BAYRAMOVA,27.04.2023,08:42:48,SOKOLAD BOUNTY ASSORT,0.24,19.83,4.76,12.67,1.93,1.93,12.67,0.00,0.00,0.00,0.00,68,NCR RealPOS XR7 (7703) KLR M-POS 1.05.90,0000039752,AYLIVSFTKBDvQ,0000131911,0.34,27.05.2023,05:59
AYLWSFfkBtwQ.jpeg,Obyektin paylofl-s adlı mağaza,"AZ1014 BAKI ŞƏHƏRİ, 2 RAYONU ŞƏMSİ BƏDƏLBƏYLİ ev.102",0800005671-14001,SAHİL TRADİNG MƏHDUD MƏSULİYYƏTLİ CƏMİYYƏTİ,0800005671,10660,GULNARE BAYRAMOVA,27.04.2023,08:42:48,PAKET BOYUK,1,0.05,0.05,12.67,1.93,1.93,12.67,0.00,0.00,0.00,0.00,68,NCR RealPOS XR7 (7703) KLR M-POS 1.05.90,0000039752,AYLIVSFTKBDvQ,0000131911,0.34,27.05.2023,05:59
FRmu15Lkeqqz.jpeg,ARAZ SUPERMARKET,"Bakı şəhəri, Xudafərin küçəsi, 2942 saylı bina",1001994141-20022,ARAZ SUPERMARKET MƏHDUD MƏSULİYYƏTLİ CƏMİYYƏTİ,1001994141,177784,Zohra Babayeva,25.05.2023,20:13:17,Təndir çörəyi,1,0.79,0.79,7.10,0.96,0.96,0.00,0.00,0.00,0.00,0.00,572,NBA FiscalBox,900119100844,FRmu15Lkeqqz,0000007877,0.17,24.06.2023,09:28
FRmu15Lkeqqz.jpeg,ARAZ SUPERMARKET,"Bakı şəhəri, Xudafərin küçəsi, 2942 saylı bina",1001994141-20022,ARAZ SUPERMARKET MƏHDUD MƏSULİYYƏTLİ CƏMİYYƏTİ,1001994141,177784,Zohra Babayeva,25.05.2023,20:13:17,Bakılı qız donmuş qəhvə,2,0.69,1.38,7.10,0.96,0.96,0.00,0.00,0.00,0.00,0.00,572,NBA FiscalBox,900119100844,FRmu15Lkeqqz,0000007877,0.17,24.06.2023,09:28
FRmu15Lkeqqz.jpeg,ARAZ SUPERMARKET,"Bakı şəhəri, Xudafərin küçəsi, 2942 saylı bina",1001994141-20022,ARAZ SUPERMARKET MƏHDUD MƏSULİYYƏTLİ CƏMİYYƏTİ,1001994141,177784,Zohra Babayeva,25.05.2023,20:13:17,İvanovka şor,1,1.98,1.98,7.10,0.96,0.96,0.00,0.00,0.00,0.00,0.00,572,NBA FiscalBox,900119100844,FRmu15Lkeqqz,0000007877,0.17,24.06.2023,09:28
FRmu15Lkeqqz.jpeg,ARAZ SUPERMARKET,"Bakı şəhəri, Xudafərin küçəsi, 2942 saylı bina",1001994141-20022,ARAZ SUPERMARKET MƏHDUD MƏSULİYYƏTLİ CƏMİYYƏTİ,1001994141,177784,Zohra Babayeva,25.05.2023,20:13:17,Ləzzət dünyası vineqret,1,2.95,2.95,7.10,0.96,0.96,0.00,0.00,0.00,0.00,0.00,572,NBA FiscalBox,900119100844,FRmu15Lkeqqz,0000007877,0.17,24.06.2023,09:28
393uNgMhnoxS.jpeg,MARKET,"AZ1022 BAKI ŞƏHƏRİ, Nəsimi RAYONU, KƏRPİC ev16",1701102351-14010,"""ANC GROUP"" MƏHDUD MƏSULİYYƏTLİ CƏMİYYƏTİ",1701102351,172969,Sevinc Kübərova Adıgözəl,09.05.2023,13:43:46,SOK VİTAMİN 11T ERİK P,1,2.29,2.29,2.29,0.35,0.35,2.29,0.00,0.00,0.00,0.00,129,IPOS AZ1001,ESOF000127,393uNgMhnoxs,0000071135,0.06,08.06.2023,05:48
BPAzUHcnAtJ5.jpeg,,,,,,,,,,,,,,,,,0.00,0.00,0.00,0.00,0.00,,,,,,,,
5zPBt65vYNdw.jpeg,ARAZ SUPERMARKET MƏHDUD MƏSULİYYƏTLİ CƏMİYYƏTİ,"Bakı şəhəri, Xudafərin küçəsi, 2942 saylı bina",1001994141-20022,ARAZ SUPERMARKET MƏHDUD MƏSULİYYƏTLİ CƏMİYYƏTİ,1001994141,5819,Ramazan Zeynalov,06.06.2023,20:03:42,BAKILI QIZ DON.70 GR,2,0.69,1.38,5.33,0.69,0.69,5.33,0.0,0.0,0.0,0.0,144,NBA FiscalBox,900120010265,5zPBt65vYNdu,0000015497,0.12,06.07.2023,08:04
5zPBt65vYNdw.jpeg,ARAZ SUPERMARKET MƏHDUD MƏSULİYYƏTLİ CƏMİYYƏTİ,"Bakı şəhəri, Xudafərin küçəsi, 2942 saylı bina",1001994141-20022,ARAZ SUPERMARKET MƏHDUD MƏSULİYYƏTLİ CƏMİYYƏTİ,1001994141,5819,Ramazan Zeynalov,06.06.2023,20:03:42,TENDİR COREYI,1,0.79,0.79,5.33,0.69,0.69,5.33,0.0,0.0,0.0,0.0,144,NBA FiscalBox,900120010265,5zPBt65vYNdu,0000015497,0.12,06.07.2023,08:04
5zPBt65vYNdw.jpeg,ARAZ SUPERMARKET MƏHDUD MƏSULİYYƏTLİ CƏMİYYƏTİ,"Bakı şəhəri, Xudafərin küçəsi, 2942 saylı bina",1001994141-20022,ARAZ SUPERMARKET MƏHDUD MƏSULİYYƏTLİ CƏMİYYƏTİ,1001994141,5819,Ramazan Zeynalov,06.06.2023,20:03:42,SLAVYANKA PLASMAS,2,0.78,1.56,5.33,0.69,0.69,5.33,0.0,0.0,0.0,0.0,144,NBA FiscalBox,900120010265,5zPBt65vYNdu,0000015497,0.12,06.07.2023,08:04
5zPBt65vYNdw.jpeg,ARAZ SUPERMARKET MƏHDUD MƏSULİYYƏTLİ CƏMİYYƏTİ,"Bakı şəhəri, Xudafərin küçəsi, 2942 saylı bina",1001994141-20022,ARAZ SUPERMARKET MƏHDUD MƏSULİYYƏTLİ CƏMİYYƏTİ,1001994141,5819,Ramazan Zeynalov,06.06.2023,20:03:42,İVANOVKA DOVGA 450GR,1,1.55,1.55,5.33,0.69,0.69,5.33,0.0,0.0,0.0,0.0,144,NBA FiscalBox,900120010265,5zPBt65vYNdu,0000015497,0.12,06.07.2023,08:04
5zPBt65vYNdw.jpeg,ARAZ SUPERMARKET MƏHDUD MƏSULİYYƏTLİ CƏMİYYƏTİ,"Bakı şəhəri, Xudafərin küçəsi, 2942 saylı bina",1001994141-20022,ARAZ SUPERMARKET MƏHDUD MƏSULİYYƏTLİ CƏMİYYƏTİ,1001994141,5819,Ramazan Zeynalov,06.06.2023,20:03:42,Paket Araz 31*60 5KG,1,0.05,0.05,5.33,0.69,0.69,5.33,0.0,0.0,0.0,0.0,144,NBA FiscalBox,900120010265,5zPBt65vYNdu,0000015497,0.12,06.07.2023,08:04
Hnd2kzy86Po3.jpeg,MARKET,"AZ1022 BAKI ŞƏHƏRİ, Nəsimi RAYONU, KƏRPİC ev16",1701102351-14010,ANC GROUP MƏHDUD MƏSULİYYƏTLİ CƏMİYYƏTİ,1701102351,508715,Elmir Atakişiyev Hüseyn,31.12.2023,13:59:33,SANTAL 1LT P.ANANAS,1,5.45,5.45,5.45,0.83,0.83,5.45,0.00,0.00,0.00,0.00,197,IPOS AZ1001,ESOF000212,Hnd2kzy86Po3,0000071136,0.15,01.02.2024,01:42
ULkmVh2CFNFp.jpeg,MARKET,"AZ1022 BAKI ŞƏHƏRİ, Nəsimi RAYONU, KƏRPİC ev16",1701102351-14010,"""ANC GROUP"" MƏHDUD MƏSULİYYƏTLİ CƏMİYYƏTİ",1701102351,501210,Zümrüd Baxşəliyeva Ağa,20.12.2023,14:46:05,"SU SİRAB 0,51T QAZSIZ PL.",1,0.50,0.50,1.50,0.23,0.23,1.50,0.0,0.0,0.0,0.0,380,1Р05 AZ1001,ESOF000212,UlkmVh2CFNFP,0000071136,0.04,21.01.2024,03:03
ULkmVh2CFNFp.jpeg,MARKET,"AZ1022 BAKI ŞƏHƏRİ, Nəsimi RAYONU, KƏRPİC ev16",1701102351-14010,"""ANC GROUP"" MƏHDUD MƏSULİYYƏTLİ CƏMİYYƏTİ",1701102351,501210,Zümrüd Baxşəliyeva Ağa,20.12.2023,14:46:05,"SU SİRAB 0,51T QAZSIZ PL.",1,0.50,0.50,1.50,0.23,0.23,1.50,0.0,0.0,0.0,0.0,380,1Р05 AZ1001,ESOF000212,UlkmVh2CFNFP,0000071136,0.04,21.01.2024,03:03
ULkmVh2CFNFp.jpeg,MARKET,"AZ1022 BAKI ŞƏHƏRİ, Nəsimi RAYONU, KƏRPİC ev16",1701102351-14010,"""ANC GROUP"" MƏHDUD MƏSULİYYƏTLİ CƏMİYYƏTİ",1701102351,501210,Zümrüd Baxşəliyeva Ağa,20.12.2023,14:46:05,"SU SİRAB 0,51T QAZSIZ PL.",1,0.50,0.50,1.50,0.23,0.23,1.50,0.0,0.0,0.0,0.0,380,1Р05 AZ1001,ESOF000212,UlkmVh2CFNFP,0000071136,0.04,21.01.2024,03:03
2gtjLacLvDDs.jpeg,AZƏRBAYCAN SUPERMARKET,"KHATAI PARK, AZ1129 BAKI ŞƏHƏRİ, YƏTİ RAYONU GƏNCƏ PR. MƏHƏLLƏ",1403051411-20006,AZƏRBAYCAN SUPERMARKET MƏHDUD MƏSULİYYƏTLİ CƏMİYYƏTİ,1403051411,575822,RAHMANZADA C.,02.04.2023,00:47:09,MUSTERİ PAKETİ ORTA,1,0.05,0.05,19.96,2.88,2.88,19.96,0.0,0.0,0.0,0.0,563,Мипсог Nixdorf ВЕЕТИЕ/М-И1,530523153,2gtiLacLvDDs,0000023188,0.50,02.05.2023,10:01
2gtjLacLvDDs.jpeg,AZƏRBAYCAN SUPERMARKET,"KHATAI PARK, AZ1129 BAKI ŞƏHƏRİ, YƏTİ RAYONU GƏNCƏ PR. MƏHƏLLƏ",1403051411-20006,AZƏRBAYCAN SUPERMARKET MƏHDUD MƏSULİYYƏTLİ CƏMİYYƏTİ,1403051411,575822,RAHMANZADA C.,02.04.2023,00:47:09,SIRAB QAZSIZ PL,2,0.85,1.70,19.96,2.88,2.88,19.96,0.0,0.0,0.0,0.0,563,Мипсог Nixdorf ВЕЕТИЕ/М-И1,530523153,2gtiLacLvDDs,0000023188,0.50,02.05.2023,10:01
2gtjLacLvDDs.jpeg,AZƏRBAYCAN SUPERMARKET,"KHATAI PARK, AZ1129 BAKI ŞƏHƏRİ, YƏTİ RAYONU GƏNCƏ PR. MƏHƏLLƏ",1403051411-20006,AZƏRBAYCAN SUPERMARKET MƏHDUD MƏSULİYYƏTLİ CƏMİYYƏTİ,1403051411,575822,RAHMANZADA C.,02.04.2023,00:47:09,PROSTOKVAS,1,3.75,3.75,19.96,2.88,2.88,19.96,0.0,0.0,0.0,0.0,563,Мипсог Nixdorf ВЕЕТИЕ/М-И1,530523153,2gtiLacLvDDs,0000023188,0.50,02.05.2023,10:01
2gtjLacLvDDs.jpeg,AZƏRBAYCAN SUPERMARKET,"KHATAI PARK, AZ1129 BAKI ŞƏHƏRİ, YƏTİ RAYONU GƏNCƏ PR. MƏHƏLLƏ",1403051411-20006,AZƏRBAYCAN SUPERMARKET MƏHDUD MƏSULİYYƏTLİ CƏMİYYƏTİ,1403051411,575822,RAHMANZADA C.,02.04.2023,00:47:09,АСТМА YGR QRGL,1,1.59,1.59,19.96,2.88,2.88,19.96,0.0,0.0,0.0,0.0,563,Мипсог Nixdorf ВЕЕТИЕ/М-И1,530523153,2gtiLacLvDDs,0000023188,0.50,02.05.2023,10:01
2gtjLacLvDDs.jpeg,AZƏRBAYCAN SUPERMARKET,"KHATAI PARK, AZ1129 BAKI ŞƏHƏRİ, YƏTİ RAYONU GƏNCƏ PR. MƏHƏLLƏ",1403051411-20006,AZƏRBAYCAN SUPERMARKET MƏHDUD MƏSULİYYƏTLİ CƏMİYYƏTİ,1403051411,575822,RAHMANZADA C.,02.04.2023,00:47:09,HN SACUSTU SOSİS,0.524,12.99,6.81,19.96,2.88,2.88,19.96,0.0,0.0,0.0,0.0,563,Мипсог Nixdorf ВЕЕТИЕ/М-И1,530523153,2gtiLacLvDDs,0000023188,0.50,02.05.2023,10:01
2gtjLacLvDDs.jpeg,AZƏRBAYCAN SUPERMARKET,"KHATAI PARK, AZ1129 BAKI ŞƏHƏRİ, YƏTİ RAYONU GƏNCƏ PR. MƏHƏLLƏ",1403051411-20006,AZƏRBAYCAN SUPERMARKET MƏHDUD MƏSULİYYƏTLİ CƏMİYYƏTİ,1403051411,575822,RAHMANZADA C.,02.04.2023,00:47:09,BIG BON ETLİ,1,3.20,3.20,19.96,2.88,2.88,19.96,0.0,0.0,0.0,0.0,563,Мипсог Nixdorf ВЕЕТИЕ/М-И1,530523153,2gtiLacLvDDs,0000023188,0.50,02.05.2023,10:01
2gtjLacLvDDs.jpeg,AZƏRBAYCAN SUPERMARKET,"KHATAI PARK, AZ1129 BAKI ŞƏHƏRİ, YƏTİ RAYONU GƏNCƏ PR. MƏHƏLLƏ",1403051411-20006,AZƏRBAYCAN SUPERMARKET MƏHDUD MƏSULİYYƏTLİ CƏMİYYƏTİ,1403051411,575822,RAHMANZADA C.,02.04.2023,00:47:09,BAHAR SAFTALI,1,1.79,1.79,19.96,2.88,2.88,19.96,0.0,0.0,0.0,0.0,563,Мипсог Nixdorf ВЕЕТИЕ/М-И1,530523153,2gtiLacLvDDs,0000023188,0.50,02.05.2023,10:01
2gtjLacLvDDs.jpeg,AZƏRBAYCAN SUPERMARKET,"KHATAI PARK, AZ1129 BAKI ŞƏHƏRİ, YƏTİ RAYONU GƏNCƏ PR. MƏHƏLLƏ",1403051411-20006,AZƏRBAYCAN SUPERMARKET MƏHDUD MƏSULİYYƏTLİ CƏMİYYƏTİ,1403051411,575822,RAHMANZADA C.,02.04.2023,00:47:09,21ВЕ COREYİ 400 GR,1,1.07,1.07,19.96,2.88,2.88,19.96,0.0,0.0,0.0,0.0,563,Мипсог Nixdorf ВЕЕТИЕ/М-И1,530523153,2gtiLacLvDDs,0000023188,0.50,02.05.2023,10:01
45WEK2aXxzbW.jpeg,APTEK,AZ1129 BAKI ŞƏHƏRİ,1401383441-20035,"""BUTA FARM"" MƏHDUD MƏSULİYYƏTLİ CƏMİYYƏTİ",1401985441,80459,Tünzalə Əsədova,21.05.2023,19:20:50,Demaks D3 50 000 ED,1,17.00,17.00,17.00,2.59,2.59,17.00,0.00,0.00,0.01,0.00,59,NBA FiscalBox,900121010497,45VVEK2aXxzbuV,0000061816,0.45,20.06.2023,08:45
3G9bAk8wGhGF.jpeg,ARAZ SUPERMARKET,"Bakı şəhəri, Nərimanov rayonu, Gəncə pr., ev 4, korpus 04",1001994141-20022,ARAZ SUPERMARKET MƏHDUD MƏSULİYYƏTLİ CƏMİYYƏTİ,1001994141,773,Agos Bagirov,25.02.2023,23:10:31,BOSTAN FEYXOA KOMPOT,1,1.75,1.75,2.48,0.38,0.38,2.48,0.00,0.00,0.00,0.00,773,NBA FiscalBox,900119100844,3G9bAk8vrGhGF,0000007877,0.07,27.03.2023,05:59
3G9bAk8wGhGF.jpeg,ARAZ SUPERMARKET,"Bakı şəhəri, Nərimanov rayonu, Gəncə pr., ev 4, korpus 04",1001994141-20022,ARAZ SUPERMARKET MƏHDUD MƏSULİYYƏTLİ CƏMİYYƏTİ,1001994141,773,Agos Bagirov,25.02.2023,23:10:31,SLAVYANKA PLASMAS,1,0.70,0.70,2.48,0.38,0.38,2.48,0.00,0.00,0.00,0.00,773,NBA FiscalBox,900119100844,3G9bAk8vrGhGF,0000007877,0.07,27.03.2023,05:59
3G9bAk8wGhGF.jpeg,ARAZ SUPERMARKET,"Bakı şəhəri, Nərimanov rayonu, Gəncə pr., ev 4, korpus 04",1001994141-20022,ARAZ SUPERMARKET MƏHDUD MƏSULİYYƏTLİ CƏMİYYƏTİ,1001994141,773,Agos Bagirov,25.02.2023,23:10:31,Paket Araz,1,0.03,0.03,2.48,0.38,0.38,2.48,0.00,0.00,0.00,0.00,773,NBA FiscalBox,900119100844,3G9bAk8vrGhGF,0000007877,0.07,27.03.2023,05:59
45TNoaiPmUFz.jpeg,ARAZ SUPERMARKET,"Bakı şəhəri, Nərimanov rayonu, Gəncə pr., ev. Korpus 04, 09 m. 2942 saylı bina",1001994141-20022,ARAZ SUPERMARKET MƏHDUD MƏSULİYYƏTLİ CƏMİYYƏTİ,1001994141,157228,Zohra Babayeva,28.04.2023,23:55:37,MOY MULTI FRUKT NEKT,1,1.75,1.75,6.54,1.00,1.00,6.54,0.00,0.00,0.00,0.00,738,NBA FiscalBox,900119100844,45TNoaiPmUFz,0000007877,0.18,28.05.2023,08:33
45TNoaiPmUFz.jpeg,ARAZ SUPERMARKET,"Bakı şəhəri, Nərimanov rayonu, Gəncə pr., ev. Korpus 04, 09 m. 2942 saylı bina",1001994141-20022,ARAZ SUPERMARKET MƏHDUD MƏSULİYYƏTLİ CƏMİYYƏTİ,1001994141,157228,Zohra Babayeva,28.04.2023,23:55:37,SIRAB QAZSIZ SU PET,1,0.80,0.80,6.54,1.00,1.00,6.54,0.00,0.00,0.00,0.00,738,NBA FiscalBox,900119100844,45TNoaiPmUFz,0000007877,0.18,28.05.2023,08:33
45TNoaiPmUFz.jpeg,ARAZ SUPERMARKET,"Bakı şəhəri, Nərimanov rayonu, Gəncə pr., ev. Korpus 04, 09 m. 2942 saylı bina",1001994141-20022,ARAZ SUPERMARKET MƏHDUD MƏSULİYYƏTLİ CƏMİYYƏTİ,1001994141,157228,Zohra Babayeva,28.04.2023,23:55:37,BAKILI QIZ DON.QEHVE,2,0.65,1.30,6.54,1.00,1.00,6.54,0.00,0.00,0.00,0.00,738,NBA FiscalBox,900119100844,45TNoaiPmUFz,0000007877,0.18,28.05.2023,08:33
45TNoaiPmUFz.jpeg,ARAZ SUPERMARKET,"Bakı şəhəri, Nərimanov rayonu, Gəncə pr., ev. Korpus 04, 09 m. 2942 saylı bina",1001994141-20022,ARAZ SUPERMARKET MƏHDUD MƏSULİYYƏTLİ CƏMİYYƏTİ,1001994141,157228,Zohra Babayeva,28.04.2023,23:55:37,ROMASHKA XAMA,1,2.69,2.69,6.54,1.00,1.00,6.54,0.00,0.00,0.00,0.00,738,NBA FiscalBox,900119100844,45TNoaiPmUFz,0000007877,0.18,28.05.2023,08:33
EKVXckqdRoq1.jpeg,ARAZ SUPERMARKET,"Bakı şəhəri, Nərimanov rayonu, Gəncə pr., ev. Korpus 04, 09 m.2942 saylı bina",1001994141-20022,ARAZ SUPERMARKET MƏHDUD MƏSULİYYƏTLİ CƏMİYYƏTİ,1001994141,663,Agos Bagirov,16.03.2023,22:52:38,IVANOVKA DOVGA,2,1.58,3.16,6.08,0.93,0.93,6.08,0.00,0.00,0.00,0.00,663,NBA FiscalBox,900119100844,EKVXckqdRoq1,0000007877,0.16,15.04.2023,06:56
EKVXckqdRoq1.jpeg,ARAZ SUPERMARKET,"Bakı şəhəri, Nərimanov rayonu, Gəncə pr., ev. Korpus 04, 09 m.2942 saylı bina",1001994141-20022,ARAZ SUPERMARKET MƏHDUD MƏSULİYYƏTLİ CƏMİYYƏTİ,1001994141,663,Agos Bagirov,16.03.2023,22:52:38,LEZZET DUNYASI VINEQ,1,2.95,2.95,6.08,0.93,0.93,6.08,0.00,0.00,0.00,0.00,663,NBA FiscalBox,900119100844,EKVXckqdRoq1,0000007877,0.16,15.04.2023,06:56
EKVXckqdRoq1.jpeg,ARAZ SUPERMARKET,"Bakı şəhəri, Nərimanov rayonu, Gəncə pr., ev. Korpus 04, 09 m.2942 saylı bina",1001994141-20022,ARAZ SUPERMARKET MƏHDUD MƏSULİYYƏTLİ CƏMİYYƏTİ,1001994141,663,Agos Bagirov,16.03.2023,22:52:38,Paket Araz,1,0.03,0.03,6.08,0.93,0.93,6.08,0.00,0.00,0.00,0.00,663,NBA FiscalBox,900119100844,EKVXckqdRoq1,0000007877,0.16,15.04.2023,06:56
E1acd9nBjXzX.jpeg,"""PROMART"" Məhdud Məsuliyyətli Cəmiyyəti","AZ1007 BAKI ŞƏHƏRİ, NƏRİMANOV RAYONU, SÜLEYMAN RÜSTƏM KÜÇ.",1702278621-14001,"""PROMART"" Məhdud Məsuliyyətli Cəmiyyəti",1702278621,492,Quliyeva Gulnar,08.05.2023,13:55:01,BANAN,0.7,3.26,2.28,9.32,1.24,2.28,9.32,0.00,0.00,0.00,0.00,492,İBM POS 700,41AVVK12,Elacd9nBiXzX,0000030116,0.19,07.06.2023,05:40
E1acd9nBjXzX.jpeg,"""PROMART"" Məhdud Məsuliyyətli Cəmiyyəti","AZ1007 BAKI ŞƏHƏRİ, NƏRİMANOV RAYONU, SÜLEYMAN RÜSTƏM KÜÇ.",1702278621-14001,"""PROMART"" Məhdud Məsuliyyətli Cəmiyyəti",1702278621,492,Quliyeva Gulnar,08.05.2023,13:55:01,FINDIQ XACMAZ,0.32,18.00,5.76,9.32,1.24,2.28,9.32,0.00,0.00,0.00,0.00,492,İBM POS 700,41AVVK12,Elacd9nBiXzX,0000030116,0.19,07.06.2023,05:40
E1acd9nBjXzX.jpeg,"""PROMART"" Məhdud Məsuliyyətli Cəmiyyəti","AZ1007 BAKI ŞƏHƏRİ, NƏRİMANOV RAYONU, SÜLEYMAN RÜSTƏM KÜÇ.",1702278621-14001,"""PROMART"" Məhdud Məsuliyyətli Cəmiyyəti",1702278621,492,Quliyeva Gulnar,08.05.2023,13:55:01,BATON NESTLE NUTS,1.0,1.28,1.28,9.32,1.24,2.28,9.32,0.00,0.00,0.00,0.00,492,İBM POS 700,41AVVK12,Elacd9nBiXzX,0000030116,0.19,07.06.2023,05:40
5ZC8mMDu2jce.jpeg,ARAZ SUPERMARKET MƏHDUD MƏSULİYYƏTLİ CƏMİYYƏTİ,"Bakı şəhəri, Xudafərin küçəsi, 2942 saylı bina",1001994141-20022,ARAZ SUPERMARKET MƏHDUD MƏSULİYYƏTLİ CƏMİYYƏTİ,1001994141,135824,Agos Bagirov,30.03.2023,18:56:07,ROLLTON KARTOF PURES,1,1.38,1.38,19.46,2.85,2.85,19.46,0.00,0.00,0.00,0.00,506,NBA FiscalBox,900119100844,52CBmMDu2/ce,0000007877,0.50,29.04.2023,07:03
5ZC8mMDu2jce.jpeg,ARAZ SUPERMARKET MƏHDUD MƏSULİYYƏTLİ CƏMİYYƏTİ,"Bakı şəhəri, Xudafərin küçəsi, 2942 saylı bina",1001994141-20022,ARAZ SUPERMARKET MƏHDUD MƏSULİYYƏTLİ CƏMİYYƏTİ,1001994141,135824,Agos Bagirov,30.03.2023,18:56:07,BİG BON KARTOF PURE,1,1.85,1.85,19.46,2.85,2.85,19.46,0.00,0.00,0.00,0.00,506,NBA FiscalBox,900119100844,52CBmMDu2/ce,0000007877,0.50,29.04.2023,07:03
5ZC8mMDu2jce.jpeg,ARAZ SUPERMARKET MƏHDUD MƏSULİYYƏTLİ CƏMİYYƏTİ,"Bakı şəhəri, Xudafərin küçəsi, 2942 saylı bina",1001994141-20022,ARAZ SUPERMARKET MƏHDUD MƏSULİYYƏTLİ CƏMİYYƏTİ,1001994141,135824,Agos Bagirov,30.03.2023,18:56:07,ETİ BURCAK KAKAO KRE,2,1.10,2.20,19.46,2.85,2.85,19.46,0.00,0.00,0.00,0.00,506,NBA FiscalBox,900119100844,52CBmMDu2/ce,0000007877,0.50,29.04.2023,07:03
5ZC8mMDu2jce.jpeg,ARAZ SUPERMARKET MƏHDUD MƏSULİYYƏTLİ CƏMİYYƏTİ,"Bakı şəhəri, Xudafərin küçəsi, 2942 saylı bina",1001994141-20022,ARAZ SUPERMARKET MƏHDUD MƏSULİYYƏTLİ CƏMİYYƏTİ,1001994141,135824,Agos Bagirov,30.03.2023,18:56:07,LEZİZ CEREZ BADAM,1,5.69,5.69,19.46,2.85,2.85,19.46,0.00,0.00,0.00,0.00,506,NBA FiscalBox,900119100844,52CBmMDu2/ce,0000007877,0.50,29.04.2023,07:03
5ZC8mMDu2jce.jpeg,ARAZ SUPERMARKET MƏHDUD MƏSULİYYƏTLİ CƏMİYYƏTİ,"Bakı şəhəri, Xudafərin küçəsi, 2942 saylı bina",1001994141-20022,ARAZ SUPERMARKET MƏHDUD MƏSULİYYƏTLİ CƏMİYYƏTİ,1001994141,135824,Agos Bagirov,30.03.2023,18:56:07,SIRAB QAZSIZ SU PET,2,0.59,1.18,19.46,2.85,2.85,19.46,0.00,0.00,0.00,0.00,506,NBA FiscalBox,900119100844,52CBmMDu2/ce,0000007877,0.50,29.04.2023,07:03
5ZC8mMDu2jce.jpeg,ARAZ SUPERMARKET MƏHDUD MƏSULİYYƏTLİ CƏMİYYƏTİ,"Bakı şəhəri, Xudafərin küçəsi, 2942 saylı bina",1001994141-20022,ARAZ SUPERMARKET MƏHDUD MƏSULİYYƏTLİ CƏMİYYƏTİ,1001994141,135824,Agos Bagirov,30.03.2023,18:56:07,LEZZET DUNYASI VİNEQ,2,2.95,5.90,19.46,2.85,2.85,19.46,0.00,0.00,0.00,0.00,506,NBA FiscalBox,900119100844,52CBmMDu2/ce,0000007877,0.50,29.04.2023,07:03
5ZC8mMDu2jce.jpeg,ARAZ SUPERMARKET MƏHDUD MƏSULİYYƏTLİ CƏMİYYƏTİ,"Bakı şəhəri, Xudafərin küçəsi, 2942 saylı bina",1001994141-20022,ARAZ SUPERMARKET MƏHDUD MƏSULİYYƏTLİ CƏMİYYƏTİ,1001994141,135824,Agos Bagirov,30.03.2023,18:56:07,TENDİR COREYI EDED,1,0.79,0.79,19.46,2.85,2.85,19.46,0.00,0.00,0.00,0.00,506,NBA FiscalBox,900119100844,52CBmMDu2/ce,0000007877,0.50,29.04.2023,07:03
5ZC8mMDu2jce.jpeg,ARAZ SUPERMARKET MƏHDUD MƏSULİYYƏTLİ CƏMİYYƏTİ,"Bakı şəhəri, Xudafərin küçəsi, 2942 saylı bina",1001994141-20022,ARAZ SUPERMARKET MƏHDUD MƏSULİYYƏTLİ CƏMİYYƏTİ,1001994141,135824,Agos Bagirov,30.03.2023,18:56:07,Paket Araz 31*60 5 K,1,0.05,0.05,19.46,2.85,2.85,19.46,0.00,0.00,0.00,0.00,506,NBA FiscalBox,900119100844,52CBmMDu2/ce,0000007877,0.50,29.04.2023,07:03
AVqBCJrTCM68.jpeg,ARAZ SUPERMARKET,"Bakı şəhəri, Xudafərin küçəsi, 2942 saylı bina",1001994141-20022,ARAZ SUPERMARKET MƏHDUD MƏSULİYYƏTLİ CƏMİYYƏTİ,1001994141,175610,Ramazan Zeynalov,22.05.2023,23:13:03,Təndir Çörəyi,1,1.00,1.00,28.75,2.47,2.47,28.75,0.00,0.00,0.00,0.00,732,NBA FiscalBox,900119100844,AVqBC)rTCM68,0000007877,0.43,21.06.2023,08:17
AVqBCJrTCM68.jpeg,ARAZ SUPERMARKET,"Bakı şəhəri, Xudafərin küçəsi, 2942 saylı bina",1001994141-20022,ARAZ SUPERMARKET MƏHDUD MƏSULİYYƏTLİ CƏMİYYƏTİ,1001994141,175610,Ramazan Zeynalov,22.05.2023,23:13:03,Şaftalı Nektarı,1,7.14,7.14,28.75,2.47,2.47,28.75,0.00,0.00,0.00,0.00,732,NBA FiscalBox,900119100844,AVqBC)rTCM68,0000007877,0.43,21.06.2023,08:17
AVqBCJrTCM68.jpeg,ARAZ SUPERMARKET,"Bakı şəhəri, Xudafərin küçəsi, 2942 saylı bina",1001994141-20022,ARAZ SUPERMARKET MƏHDUD MƏSULİYYƏTLİ CƏMİYYƏTİ,1001994141,175610,Ramazan Zeynalov,22.05.2023,23:13:03,Aktivia Yoğurt 130g,1,1.19,1.19,28.75,2.47,2.47,28.75,0.00,0.00,0.00,0.00,732,NBA FiscalBox,900119100844,AVqBC)rTCM68,0000007877,0.43,21.06.2023,08:17
AVqBCJrTCM68.jpeg,ARAZ SUPERMARKET,"Bakı şəhəri, Xudafərin küçəsi, 2942 saylı bina",1001994141-20022,ARAZ SUPERMARKET MƏHDUD MƏSULİYYƏTLİ CƏMİYYƏTİ,1001994141,175610,Ramazan Zeynalov,22.05.2023,23:13:03,İvanovka Dovğa 450g,1,1.55,1.55,28.75,2.47,2.47,28.75,0.00,0.00,0.00,0.00,732,NBA FiscalBox,900119100844,AVqBC)rTCM68,0000007877,0.43,21.06.2023,08:17
AVqBCJrTCM68.jpeg,ARAZ SUPERMARKET,"Bakı şəhəri, Xudafərin küçəsi, 2942 saylı bina",1001994141-20022,ARAZ SUPERMARKET MƏHDUD MƏSULİYYƏTLİ CƏMİYYƏTİ,1001994141,175610,Ramazan Zeynalov,22.05.2023,23:13:03,Dardanel Fasulyeli T,2,5.69,11.38,28.75,2.47,2.47,28.75,0.00,0.00,0.00,0.00,732,NBA FiscalBox,900119100844,AVqBC)rTCM68,0000007877,0.43,21.06.2023,08:17
AVqBCJrTCM68.jpeg,ARAZ SUPERMARKET,"Bakı şəhəri, Xudafərin küçəsi, 2942 saylı bina",1001994141-20022,ARAZ SUPERMARKET MƏHDUD MƏSULİYYƏTLİ CƏMİYYƏTİ,1001994141,175610,Ramazan Zeynalov,22.05.2023,23:13:03,Slavyanka Plasmas,1,0.78,0.78,28.75,2.47,2.47,28.75,0.00,0.00,0.00,0.00,732,NBA FiscalBox,900119100844,AVqBC)rTCM68,0000007877,0.43,21.06.2023,08:17
AVqBCJrTCM68.jpeg,ARAZ SUPERMARKET,"Bakı şəhəri, Xudafərin küçəsi, 2942 saylı bina",1001994141-20022,ARAZ SUPERMARKET MƏHDUD MƏSULİYYƏTLİ CƏMİYYƏTİ,1001994141,175610,Ramazan Zeynalov,22.05.2023,23:13:03,Bakılı Qız Don. Qəhvə,1,0.69,0.69,28.75,2.47,2.47,28.75,0.00,0.00,0.00,0.00,732,NBA FiscalBox,900119100844,AVqBC)rTCM68,0000007877,0.43,21.06.2023,08:17
AVqBCJrTCM68.jpeg,ARAZ SUPERMARKET,"Bakı şəhəri, Xudafərin küçəsi, 2942 saylı bina",1001994141-20022,ARAZ SUPERMARKET MƏHDUD MƏSULİYYƏTLİ CƏMİYYƏTİ,1001994141,175610,Ramazan Zeynalov,22.05.2023,23:13:03,Paket Araz 31*60 5KG,1,0.05,0.05,28.75,2.47,2.47,28.75,0.00,0.00,0.00,0.00,732,NBA FiscalBox,900119100844,AVqBC)rTCM68,0000007877,0.43,21.06.2023,08:17
9Ty6wom4AnJk.jpeg,MARKET,"AZ1022 BAKI ŞƏHƏRİ, Nəsimi RAYONU, KƏRPİC ev16",1701102351-14010,"""ANC GROUP"" MƏHDUD MƏSULİYYƏTLİ CƏMİYYƏTİ",1701102351,201581,Rəsul Moisiyev Denis,09.07.2023,17:31:10,SU SİRAB QAZSIZ,1,0.85,0.85,0.85,0.13,0.13,0.85,0.00,0.00,0.00,0.00,227,IPOS AZ1001,ESOF000127,9Ty6inom4Anik,0000071135,0.02,08.08.2023,11:44
A67s97FGXjVE.jpeg,PROMART Məhdud Məsuliyyətli Cəmiyyəti,"AZ1007 BAKI ŞƏHƏRİ, NƏRİMANOV RAYONU, SÜLEYMAN RÜSTƏM",1702278621-14001,PROMART Məhdud Məsuliyyətli Cəmiyyəti,1702278621,227178,Piriyeva Roza,23.05.2023,08:39:01,SU SLAVYANKA QAZSIZ,1,0.78,0.78,4.10,0.63,0.63,4.10,0.00,0.00,0.00,0.00,236,İBM POS 700,41AVVK12,A67s97FGXİVE,0000030116,0.11,22.06.2023,11:21
A67s97FGXjVE.jpeg,PROMART Məhdud Məsuliyyətli Cəmiyyəti,"AZ1007 BAKI ŞƏHƏRİ, NƏRİMANOV RAYONU, SÜLEYMAN RÜSTƏM",1702278621-14001,PROMART Məhdud Məsuliyyətli Cəmiyyəti,1702278621,227178,Piriyeva Roza,23.05.2023,08:39:01,BATON TV/IX 500R,1,0.79,0.79,4.10,0.63,0.63,4.10,0.00,0.00,0.00,0.00,236,İBM POS 700,41AVVK12,A67s97FGXİVE,0000030116,0.11,22.06.2023,11:21
A67s97FGXjVE.jpeg,PROMART Məhdud Məsuliyyətli Cəmiyyəti,"AZ1007 BAKI ŞƏHƏRİ, NƏRİMANOV RAYONU, SÜLEYMAN RÜSTƏM",1702278621-14001,PROMART Məhdud Məsuliyyətli Cəmiyyəti,1702278621,227178,Piriyeva Roza,23.05.2023,08:39:01,DONDURMA PLOMBİR VAFLİ,1,0.90,0.90,4.10,0.63,0.63,4.10,0.00,0.00,0.00,0.00,236,İBM POS 700,41AVVK12,A67s97FGXİVE,0000030116,0.11,22.06.2023,11:21
A67s97FGXjVE.jpeg,PROMART Məhdud Məsuliyyətli Cəmiyyəti,"AZ1007 BAKI ŞƏHƏRİ, NƏRİMANOV RAYONU, SÜLEYMAN RÜSTƏM",1702278621-14001,PROMART Məhdud Məsuliyyətli Cəmiyyəti,1702278621,227178,Piriyeva Roza,23.05.2023,08:39:01,A2CAKE XACAPURI PENDİR,1,1.60,1.60,4.10,0.63,0.63,4.10,0.00,0.00,0.00,0.00,236,İBM POS 700,41AVVK12,A67s97FGXİVE,0000030116,0.11,22.06.2023,11:21
A67s97FGXjVE.jpeg,PROMART Məhdud Məsuliyyətli Cəmiyyəti,"AZ1007 BAKI ŞƏHƏRİ, NƏRİMANOV RAYONU, SÜLEYMAN RÜSTƏM",1702278621-14001,PROMART Məhdud Məsuliyyətli Cəmiyyəti,1702278621,227178,Piriyeva Roza,23.05.2023,08:39:01,MAGAZA PAKETİ KİCİK,1,0.03,0.03,4.10,0.63,0.63,4.10,0.00,0.00,0.00,0.00,236,İBM POS 700,41AVVK12,A67s97FGXİVE,0000030116,0.11,22.06.2023,11:21
A2wsXTuTko2X.jpeg,ARAZ SUPERMARKET,"Bakı şəhəri, Xudafərin küçəsi, 2942 saylı bina",1001994141-20022,ARAZ SUPERMARKET MƏHDUD MƏSULİYYƏTLİ CƏMİYYƏTİ,1001994141,152494,Zohra Babayeva,26.12.2023,20:52:12,SLAVYANKA PLASMAS BL,1,2.45,2.45,2.45,0.37,0.37,2.45,0.0,0.0,0.01,0.0,327,NBA FiscalBox,900120010265,A2visXTüTko2X,0000015497,0.06,26.01.2024,01:29
DWLxDtjuUnRf.jpeg,GRAND-MART,"Bakı şəhəri, Məhəmməd Hadi ev.75",1401395111-20002,GRAND-MART MƏHDUD MƏSULİYYƏTLİ CƏMİYYƏTİ,1401395111,294102,Karimli Fatima,19.12.2023,22:04:01,BATON SNICKERS SUPER,7,1.79,12.53,8.37,1.28,1.28,8.37,0.00,0.00,0.00,0.00,405,NCR RealPOS XR7 (7703) KLR M-POS 1.05.90,0000039327,DWLxDtjuUnRf,0000096602,0.22,19.01.2024,20:59
DWLxDtjuUnRf.jpeg,GRAND-MART,"Bakı şəhəri, Məhəmməd Hadi ev.75",1401395111-20002,GRAND-MART MƏHDUD MƏSULİYYƏTLİ CƏMİYYƏTİ,1401395111,294102,Karimli Fatima,19.12.2023,22:04:01,QM. HİND QOZU QOVRULM,0.12,39.92,4.79,8.37,1.28,1.28,8.37,0.00,0.00,0.00,0.00,405,NCR RealPOS XR7 (7703) KLR M-POS 1.05.90,0000039327,DWLxDtjuUnRf,0000096602,0.22,19.01.2024,20:59
GrgtubtyhgSF.jpeg,ARAZ SUPERMARKET,"Bakı şəhəri, Nərimanov rayonu, Gəncə pr., ev 4, korpus 04",1001994141-20022,ARAZ SUPERMARKET MƏHDUD MƏSULİYYƏTLİ CƏMİYYƏTİ,1001994141,609,Zohra Babayeva,05.05.2023,22:06:42,SIRAB QAZSIZ SU PET,2,0.85,1.70,2.23,0.34,0.34,2.23,0.00,0.00,0.00,0.00,609,NBA FiscalBox,900119100844,GrgtubtyhgsF,0000007877,0.06,04.06.2023,08:37
GrgtubtyhgSF.jpeg,ARAZ SUPERMARKET,"Bakı şəhəri, Nərimanov rayonu, Gəncə pr., ev 4, korpus 04",1001994141-20022,ARAZ SUPERMARKET MƏHDUD MƏSULİYYƏTLİ CƏMİYYƏTİ,1001994141,609,Zohra Babayeva,05.05.2023,22:06:42,OAZIS DONURMA PLOMBIR,1,0.50,0.50,2.23,0.34,0.34,2.23,0.00,0.00,0.00,0.00,609,NBA FiscalBox,900119100844,GrgtubtyhgsF,0000007877,0.06,04.06.2023,08:37
GrgtubtyhgSF.jpeg,ARAZ SUPERMARKET,"Bakı şəhəri, Nərimanov rayonu, Gəncə pr., ev 4, korpus 04",1001994141-20022,ARAZ SUPERMARKET MƏHDUD MƏSULİYYƏTLİ CƏMİYYƏTİ,1001994141,609,Zohra Babayeva,05.05.2023,22:06:42,Paket Araz,1,0.03,0.03,2.23,0.34,0.34,2.23,0.00,0.00,0.00,0.00,609,NBA FiscalBox,900119100844,GrgtubtyhgsF,0000007877,0.06,04.06.2023,08:37
455mNmFhAuEw.jpeg,AZƏRBAYCAN SUPERMARKET,"KHATAI PARK, AZ1129 BAKI ŞƏHƏRİ, YƏTİ RAYONU GƏNCƏ PR. MƏHƏLLƏ",1403051411-20006,AZƏRBAYCAN SUPERMARKET MƏHDUD MƏSULİYYƏTLİ CƏMİYYƏTİ,1403051411,604172,RAHMANZADA C.,12.05.2023,23:48:25,PINAR KREMA 200 ML,1,2.39,2.39,8.08,1.23,1.23,8.08,0.00,0.00,0.00,0.00,698,Мипсог Nixdorf BEETLE/M-II,530523153,455mNmFhAuEv,0000023188,0.22,11.06.2023,07:54
455mNmFhAuEw.jpeg,AZƏRBAYCAN SUPERMARKET,"KHATAI PARK, AZ1129 BAKI ŞƏHƏRİ, YƏTİ RAYONU GƏNCƏ PR. MƏHƏLLƏ",1403051411-20006,AZƏRBAYCAN SUPERMARKET MƏHDUD MƏSULİYYƏTLİ CƏMİYYƏTİ,1403051411,604172,RAHMANZADA C.,12.05.2023,23:48:25,DARDAN TON FAS 185Q,1,5.69,5.69,8.08,1.23,1.23,8.08,0.00,0.00,0.00,0.00,698,Мипсог Nixdorf BEETLE/M-II,530523153,455mNmFhAuEv,0000023188,0.22,11.06.2023,07:54
4Mq4vTyd3eaF.jpeg,,,,,,,,,,,,,,,,,0.00,0.00,0.00,0.00,0.00,,,,,,,,
C8Jh3QP4JHF1.jpeg,ARAZ SUPERMARKET,"Bakı şəhəri, Gəncə pr., ev. Korpus 04, 09 m.2942 saylı bina",1001994141-20022,ARAZ SUPERMARKET MƏHDUD MƏSULİYYƏTLİ CƏMİYYƏTİ,1001994141,194883,Zohra Babayeva,19.05.2023,23:17:41,BAKILI QIZ DON.QEHVE,2,0.69,1.38,12.41,1.77,1.77,12.41,0.00,0.00,0.00,0.00,715,NBA FiscalBox,900119100843,C8Jh3QP4JHF1,0000007875,0.31,18.06.2023,07:37
C8Jh3QP4JHF1.jpeg,ARAZ SUPERMARKET,"Bakı şəhəri, Gəncə pr., ev. Korpus 04, 09 m.2942 saylı bina",1001994141-20022,ARAZ SUPERMARKET MƏHDUD MƏSULİYYƏTLİ CƏMİYYƏTİ,1001994141,194883,Zohra Babayeva,19.05.2023,23:17:41,IVANOVKA DOVGA,1,1.55,1.55,12.41,1.77,1.77,12.41,0.00,0.00,0.00,0.00,715,NBA FiscalBox,900119100843,C8Jh3QP4JHF1,0000007875,0.31,18.06.2023,07:37
C8Jh3QP4JHF1.jpeg,ARAZ SUPERMARKET,"Bakı şəhəri, Gəncə pr., ev. Korpus 04, 09 m.2942 saylı bina",1001994141-20022,ARAZ SUPERMARKET MƏHDUD MƏSULİYYƏTLİ CƏMİYYƏTİ,1001994141,194883,Zohra Babayeva,19.05.2023,23:17:41,LEZZET DUNYASI VINEQ,1,2.95,2.95,12.41,1.77,1.77,12.41,0.00,0.00,0.00,0.00,715,NBA FiscalBox,900119100843,C8Jh3QP4JHF1,0000007875,0.31,18.06.2023,07:37
C8Jh3QP4JHF1.jpeg,ARAZ SUPERMARKET,"Bakı şəhəri, Gəncə pr., ev. Korpus 04, 09 m.2942 saylı bina",1001994141-20022,ARAZ SUPERMARKET MƏHDUD MƏSULİYYƏTLİ CƏMİYYƏTİ,1001994141,194883,Zohra Babayeva,19.05.2023,23:17:41,DARDANEL FASULYELI T,1,5.69,5.69,12.41,1.77,1.77,12.41,0.00,0.00,0.00,0.00,715,NBA FiscalBox,900119100843,C8Jh3QP4JHF1,0000007875,0.31,18.06.2023,07:37
C8Jh3QP4JHF1.jpeg,ARAZ SUPERMARKET,"Bakı şəhəri, Gəncə pr., ev. Korpus 04, 09 m.2942 saylı bina",1001994141-20022,ARAZ SUPERMARKET MƏHDUD MƏSULİYYƏTLİ CƏMİYYƏTİ,1001994141,194883,Zohra Babayeva,19.05.2023,23:17:41,TENDIR COREYI EDED,1,0.79,0.79,12.41,1.77,1.77,12.41,0.00,0.00,0.00,0.00,715,NBA FiscalBox,900119100843,C8Jh3QP4JHF1,0000007875,0.31,18.06.2023,07:37
C8Jh3QP4JHF1.jpeg,ARAZ SUPERMARKET,"Bakı şəhəri, Gəncə pr., ev. Korpus 04, 09 m.2942 saylı bina",1001994141-20022,ARAZ SUPERMARKET MƏHDUD MƏSULİYYƏTLİ CƏMİYYƏTİ,1001994141,194883,Zohra Babayeva,19.05.2023,23:17:41,Paket Araz 31*60 5KG,1,0.05,0.05,12.41,1.77,1.77,12.41,0.00,0.00,0.00,0.00,715,NBA FiscalBox,900119100843,C8Jh3QP4JHF1,0000007875,0.31,18.06.2023,07:37
A6ytTrxiqnbo.jpeg,ARAZ SUPERMARKET,"Bakı şəhəri, Xudafərin küçəsi, 2942 saylı bina",1001994141-20022,ARAZ SUPERMARKET MƏHDUD MƏSULİYYƏTLİ CƏMİYYƏTİ,1001994141,134139,Zohra Babayeva,27.03.2023,23:47:15,BANAN KG,1.3,3.28,4.19,10.41,0.47,0.47,10.41,0.00,0.00,0.00,0.00,785,NBA FiscalBox,900119100844,AöytTrxiqnbo,0000007877,0.08,26.04.2023,06:14
A6ytTrxiqnbo.jpeg,ARAZ SUPERMARKET,"Bakı şəhəri, Xudafərin küçəsi, 2942 saylı bina",1001994141-20022,ARAZ SUPERMARKET MƏHDUD MƏSULİYYƏTLİ CƏMİYYƏTİ,1001994141,134139,Zohra Babayeva,27.03.2023,23:47:15,BANAN KG,1.074,3.28,3.53,10.41,0.47,0.47,10.41,0.00,0.00,0.00,0.00,785,NBA FiscalBox,900119100844,AöytTrxiqnbo,0000007877,0.08,26.04.2023,06:14
A6ytTrxiqnbo.jpeg,ARAZ SUPERMARKET,"Bakı şəhəri, Xudafərin küçəsi, 2942 saylı bina",1001994141-20022,ARAZ SUPERMARKET MƏHDUD MƏSULİYYƏTLİ CƏMİYYƏTİ,1001994141,134139,Zohra Babayeva,27.03.2023,23:47:15,NAKHL SHAHEEN BAM XU,1.0,2.69,2.69,10.41,0.47,0.47,10.41,0.00,0.00,0.00,0.00,785,NBA FiscalBox,900119100844,AöytTrxiqnbo,0000007877,0.08,26.04.2023,06:14
5BLvosgL3Mv2.jpeg,AQUAPARK MARKET,"AZ1022 BAKI ŞƏHƏRİ, Nəsimi RAYONU, KƏRPİC ev16",1701102351-14010,ANC GROUP MƏHDUD MƏSULİYYƏTLİ CƏMİYYƏTİ,1701102351,185896,Rəsul Moisiyev Denis,04.06.2023,16:02:14,SU SİRAB QAZSIZ,1,0.85,0.85,1.85,0.28,0.28,1.85,0.00,0.00,0.00,0.00,196,IPOS AZ1001,ESOF000127,5BLvosgL3MV2,0000071135,0.05,04.07.2023,10:09
5BLvosgL3Mv2.jpeg,AQUAPARK MARKET,"AZ1022 BAKI ŞƏHƏRİ, Nəsimi RAYONU, KƏRPİC ev16",1701102351-14010,ANC GROUP MƏHDUD MƏSULİYYƏTLİ CƏMİYYƏTİ,1701102351,185896,Rəsul Moisiyev Denis,04.06.2023,16:02:14,SAQQIZ OKVI EVKALİPT,1,1.00,1.00,1.85,0.28,0.28,1.85,0.00,0.00,0.00,0.00,196,IPOS AZ1001,ESOF000127,5BLvosgL3MV2,0000071135,0.05,04.07.2023,10:09
BUkjVt7TJSHk.jpeg,ARAZ SUPERMARKET,"Bakı şəhəri, Gəncə pr., ev. Korpus 04, 09 m.2942 saylı bina",1001994141-20022,ARAZ SUPERMARKET MƏHDUD MƏSULİYYƏTLİ CƏMİYYƏTİ,1001994141,408,Zohra Babayeva,09.05.2023,16:51:12,OAZIS DONURMA PLOMB1,1,0.59,0.59,2.51,0.38,0.38,2.51,0.00,0.00,0.00,0.00,408,NBA FiscalBox,900119100844,BUkjVt7TJSHk,0000007877,0.07,08.06.2023,06:55
BUkjVt7TJSHk.jpeg,ARAZ SUPERMARKET,"Bakı şəhəri, Gəncə pr., ev. Korpus 04, 09 m.2942 saylı bina",1001994141-20022,ARAZ SUPERMARKET MƏHDUD MƏSULİYYƏTLİ CƏMİYYƏTİ,1001994141,408,Zohra Babayeva,09.05.2023,16:51:12,Paket Araz 3KG,1,0.03,0.03,2.51,0.38,0.38,2.51,0.00,0.00,0.00,0.00,408,NBA FiscalBox,900119100844,BUkjVt7TJSHk,0000007877,0.07,08.06.2023,06:55
BUkjVt7TJSHk.jpeg,ARAZ SUPERMARKET,"Bakı şəhəri, Gəncə pr., ev. Korpus 04, 09 m.2942 saylı bina",1001994141-20022,ARAZ SUPERMARKET MƏHDUD MƏSULİYYƏTLİ CƏMİYYƏTİ,1001994141,408,Zohra Babayeva,09.05.2023,16:51:12,ROLLTON OSTRAYA KÜRİ,1,1.89,1.89,2.51,0.38,0.38,2.51,0.00,0.00,0.00,0.00,408,NBA FiscalBox,900119100844,BUkjVt7TJSHk,0000007877,0.07,08.06.2023,06:55
7mNWf2J6ZFiq.jpeg,MARKET,"AZ1022 BAKI ŞƏHƏRİ, Nəsimi RAYONU, KƏRPİC ev16",1701102351-14010,"""ANC GROUP"" MƏHDUD MƏSULİYYƏTLİ CƏMİYYƏTİ",1701102351,181914,Rəsul Moisiyev Denis,27.05.2023,18:11:46,BAR TƏZƏ HAZEL TOP,1,24.00,24.00,24.00,3.66,3.66,24.00,0.00,0.00,0.01,0.00,183,IPOS AZ1001,ESOF000127,7mNVif2/62Fiq,0000071135,0.64,26.06.2023,08:35
jABELpPHDhZT.jpeg,KHATAI PARK,"AZ1129 BAKI ŞƏHƏRİ, YƏTİ RAYONU, GƏNCƏ PR. MƏHƏLLƏ",1403051411-20006,AZƏRBAYCAN SUPERMARKET MƏHDUD MƏSULİYYƏTLİ CƏMİYYƏTİ,1403051411,642484,HÜSEYNOV,25.12.2023,17:05:44,ROM XAMA 200 QR,1,2.19,2.19,25.81,2.31,2.31,25.81,0.00,0.00,0.00,0.00,386,Мипсог Nixdorf ВЕЕТИЕ/М-И1,530523183,fABELpPHDhZT,0000023179,0.40,25.01.2024,05:17
jABELpPHDhZT.jpeg,KHATAI PARK,"AZ1129 BAKI ŞƏHƏRİ, YƏTİ RAYONU, GƏNCƏ PR. MƏHƏLLƏ",1403051411-20006,AZƏRBAYCAN SUPERMARKET MƏHDUD MƏSULİYYƏTLİ CƏMİYYƏTİ,1403051411,642484,HÜSEYNOV,25.12.2023,17:05:44,ÜZÜN OMİİV SHO,1,1.99,1.99,25.81,2.31,2.31,25.81,0.00,0.00,0.00,0.00,386,Мипсог Nixdorf ВЕЕТИЕ/М-И1,530523183,fABELpPHDhZT,0000023179,0.40,25.01.2024,05:17
jABELpPHDhZT.jpeg,KHATAI PARK,"AZ1129 BAKI ŞƏHƏRİ, YƏTİ RAYONU, GƏNCƏ PR. MƏHƏLLƏ",1403051411-20006,AZƏRBAYCAN SUPERMARKET MƏHDUD MƏSULİYYƏTLİ CƏMİYYƏTİ,1403051411,642484,HÜSEYNOV,25.12.2023,17:05:44,NAR MİNA SUPER KG,2.202,4.49,9.89,25.81,2.31,2.31,25.81,0.00,0.00,0.00,0.00,386,Мипсог Nixdorf ВЕЕТИЕ/М-И1,530523183,fABELpPHDhZT,0000023179,0.40,25.01.2024,05:17
jABELpPHDhZT.jpeg,KHATAI PARK,"AZ1129 BAKI ŞƏHƏRİ, YƏTİ RAYONU, GƏNCƏ PR. MƏHƏLLƏ",1403051411-20006,AZƏRBAYCAN SUPERMARKET MƏHDUD MƏSULİYYƏTLİ CƏMİYYƏTİ,1403051411,642484,HÜSEYNOV,25.12.2023,17:05:44,VITA1000 Q QARAGILT,1,1.95,1.95,25.81,2.31,2.31,25.81,0.00,0.00,0.00,0.00,386,Мипсог Nixdorf ВЕЕТИЕ/М-И1,530523183,fABELpPHDhZT,0000023179,0.40,25.01.2024,05:17
jABELpPHDhZT.jpeg,KHATAI PARK,"AZ1129 BAKI ŞƏHƏRİ, YƏTİ RAYONU, GƏNCƏ PR. MƏHƏLLƏ",1403051411-20006,AZƏRBAYCAN SUPERMARKET MƏHDUD MƏSULİYYƏTLİ CƏMİYYƏTİ,1403051411,642484,HÜSEYNOV,25.12.2023,17:05:44,MUSTERİ PAKETİ,1,0.05,0.05,25.81,2.31,2.31,25.81,0.00,0.00,0.00,0.00,386,Мипсог Nixdorf ВЕЕТИЕ/М-И1,530523183,fABELpPHDhZT,0000023179,0.40,25.01.2024,05:17
jABELpPHDhZT.jpeg,KHATAI PARK,"AZ1129 BAKI ŞƏHƏRİ, YƏTİ RAYONU, GƏNCƏ PR. MƏHƏLLƏ",1403051411-20006,AZƏRBAYCAN SUPERMARKET MƏHDUD MƏSULİYYƏTLİ CƏMİYYƏTİ,1403051411,642484,HÜSEYNOV,25.12.2023,17:05:44,SNICKERS,0.354,23.99,8.49,25.81,2.31,2.31,25.81,0.00,0.00,0.00,0.00,386,Мипсог Nixdorf ВЕЕТИЕ/М-И1,530523183,fABELpPHDhZT,0000023179,0.40,25.01.2024,05:17
jABELpPHDhZT.jpeg,KHATAI PARK,"AZ1129 BAKI ŞƏHƏRİ, YƏTİ RAYONU, GƏNCƏ PR. MƏHƏLLƏ",1403051411-20006,AZƏRBAYCAN SUPERMARKET MƏHDUD MƏSULİYYƏTLİ CƏMİYYƏTİ,1403051411,642484,HÜSEYNOV,25.12.2023,17:05:44,SIRAB QAZSIZ,1,0.50,0.50,25.81,2.31,2.31,25.81,0.00,0.00,0.00,0.00,386,Мипсог Nixdorf ВЕЕТИЕ/М-И1,530523183,fABELpPHDhZT,0000023179,0.40,25.01.2024,05:17
jABELpPHDhZT.jpeg,KHATAI PARK,"AZ1129 BAKI ŞƏHƏRİ, YƏTİ RAYONU, GƏNCƏ PR. MƏHƏLLƏ",1403051411-20006,AZƏRBAYCAN SUPERMARKET MƏHDUD MƏSULİYYƏTLİ CƏMİYYƏTİ,1403051411,642484,HÜSEYNOV,25.12.2023,17:05:44,FACE TENDİR ORTA,1,0.58,0.58,25.81,2.31,2.31,25.81,0.00,0.00,0.00,0.00,386,Мипсог Nixdorf ВЕЕТИЕ/М-И1,530523183,fABELpPHDhZT,0000023179,0.40,25.01.2024,05:17
Es6HZUh8kGx5.jpeg,ARAZ SUPERMARKET,"Bakı şəhəri, Xudafərin küçəsi, 2942 saylı bina",1001994141-20022,ARAZ SUPERMARKET MƏHDUD MƏSULİYYƏTLİ CƏMİYYƏTİ,1001994141,120941,Zohra Babayeva,09.03.2023,21:49:47,SIRAB QAZSIZ SU PET,2,0.85,1.70,6.46,0.86,0.86,6.46,0.0,0.0,0.0,0.0,629,NBA FiscalBox,900119100844,Es6HZUh8kGx5,0000007877,0.15,08.04.2023,05:58
Es6HZUh8kGx5.jpeg,ARAZ SUPERMARKET,"Bakı şəhəri, Xudafərin küçəsi, 2942 saylı bina",1001994141-20022,ARAZ SUPERMARKET MƏHDUD MƏSULİYYƏTLİ CƏMİYYƏTİ,1001994141,120941,Zohra Babayeva,09.03.2023,21:49:47,MAMA DOVGA,2,0.66,1.32,6.46,0.86,0.86,6.46,0.0,0.0,0.0,0.0,629,NBA FiscalBox,900119100844,Es6HZUh8kGx5,0000007877,0.15,08.04.2023,05:58
Es6HZUh8kGx5.jpeg,ARAZ SUPERMARKET,"Bakı şəhəri, Xudafərin küçəsi, 2942 saylı bina",1001994141-20022,ARAZ SUPERMARKET MƏHDUD MƏSULİYYƏTLİ CƏMİYYƏTİ,1001994141,120941,Zohra Babayeva,09.03.2023,21:49:47,ROMASHKA XAMA,1,2.60,2.60,6.46,0.86,0.86,6.46,0.0,0.0,0.0,0.0,629,NBA FiscalBox,900119100844,Es6HZUh8kGx5,0000007877,0.15,08.04.2023,05:58
Es6HZUh8kGx5.jpeg,ARAZ SUPERMARKET,"Bakı şəhəri, Xudafərin küçəsi, 2942 saylı bina",1001994141-20022,ARAZ SUPERMARKET MƏHDUD MƏSULİYYƏTLİ CƏMİYYƏTİ,1001994141,120941,Zohra Babayeva,09.03.2023,21:49:47,TENDİR COREYİ,1,0.79,0.79,6.46,0.86,0.86,6.46,0.0,0.0,0.0,0.0,629,NBA FiscalBox,900119100844,Es6HZUh8kGx5,0000007877,0.15,08.04.2023,05:58
Es6HZUh8kGx5.jpeg,ARAZ SUPERMARKET,"Bakı şəhəri, Xudafərin küçəsi, 2942 saylı bina",1001994141-20022,ARAZ SUPERMARKET MƏHDUD MƏSULİYYƏTLİ CƏMİYYƏTİ,1001994141,120941,Zohra Babayeva,09.03.2023,21:49:47,Paket Araz 31*60,1,0.05,0.05,6.46,0.86,0.86,6.46,0.0,0.0,0.0,0.0,629,NBA FiscalBox,900119100844,Es6HZUh8kGx5,0000007877,0.15,08.04.2023,05:58
7X97ACHeUV6P.jpeg,DOKTA MƏHDUD MƏSULİYYƏTLİ CƏMİYYƏTİ,qurudun xər os ev.189 m.1,1401425191-14017,DOKTA MƏHDUD MƏSULİYYƏTLİ CƏMİYYƏTİ,1401425191,26333,Kassir 1,26.04.2023,13:46:33,chiklovir 5 10 qr Melhem Ta,1,0.97,0.97,5.86,0.89,0.89,5.86,0.0,0.0,0.0,0.0,60,NBA FiscalBox,900121010741,7X97ACHeUVSP,0000090258,0.16,28.05.2023,01:39
7X97ACHeUV6P.jpeg,DOKTA MƏHDUD MƏSULİYYƏTLİ CƏMİYYƏTİ,qurudun xər os ev.189 m.1,1401425191-14017,DOKTA MƏHDUD MƏSULİYYƏTLİ CƏMİYYƏTİ,1401425191,26333,Kassir 1,26.04.2023,13:46:33,Tetrachiklin 1 3 qr Goz ucun,1,1.98,1.98,5.86,0.89,0.89,5.86,0.0,0.0,0.0,0.0,60,NBA FiscalBox,900121010741,7X97ACHeUVSP,0000090258,0.16,28.05.2023,01:39
7X97ACHeUV6P.jpeg,DOKTA MƏHDUD MƏSULİYYƏTLİ CƏMİYYƏTİ,qurudun xər os ev.189 m.1,1401425191-14017,DOKTA MƏHDUD MƏSULİYYƏTLİ CƏMİYYƏTİ,1401425191,26333,Kassir 1,26.04.2023,13:46:33,Deksametazon 0.1 5 ml Goz damcisi,1,2.90,2.90,5.86,0.89,0.89,5.86,0.0,0.0,0.0,0.0,60,NBA FiscalBox,900121010741,7X97ACHeUVSP,0000090258,0.16,28.05.2023,01:39
7X97ACHeUV6P.jpeg,DOKTA MƏHDUD MƏSULİYYƏTLİ CƏMİYYƏTİ,qurudun xər os ev.189 m.1,1401425191-14017,DOKTA MƏHDUD MƏSULİYYƏTLİ CƏMİYYƏTİ,1401425191,26333,Kassir 1,26.04.2023,13:46:33,Paket pinqvin,1,0.01,0.01,5.86,0.89,0.89,5.86,0.0,0.0,0.0,0.0,60,NBA FiscalBox,900121010741,7X97ACHeUVSP,0000090258,0.16,28.05.2023,01:39
BeKhPrwsZtzb.jpeg,SSİ RETAİL MƏHDUD MƏSULİYYƏTLİ CƏMİYYƏTİ,AZ1002 BAKI ŞƏHƏRİ,1000143741-16002,SSİ RETAİL MƏHDUD MƏSULİYYƏTLİ CƏMİYYƏTİ,1000143741,Not provided,Api,18.12.2023,18:30:52,TC-uni-black-L1,1,24.99,24.99,24.99,3.81,3.81,24.99,0.00,0.00,0.00,0.00,123,TPS575 Smart POS,2001G57500302395,BeKhPrusZtzb,0000091819,0.67,19.01.2024,09:44
Bmh6Xs9R4JPE.jpeg,ARAZ SUPERMARKET,"Bakı şəhəri, Xətai rayonu, Məhəmməd Hadi küçəsi, 2942 saylı bina",1001994141-20022,ARAZ SUPERMARKET MƏHDUD MƏSULİYYƏTLİ CƏMİYYƏTİ,1001994141,172660,Agos Bagirov,18.05.2023,22:17:39,AKTIVIA YOGURT,1,1.19,1.19,7.16,1.09,1.09,7.16,0.00,0.00,0.00,0.00,571,NBA FiscalBox,900119100844,Bmh6Xs9R4JPE,0000007877,0.19,17.06.2023,12:19
Bmh6Xs9R4JPE.jpeg,ARAZ SUPERMARKET,"Bakı şəhəri, Xətai rayonu, Məhəmməd Hadi küçəsi, 2942 saylı bina",1001994141-20022,ARAZ SUPERMARKET MƏHDUD MƏSULİYYƏTLİ CƏMİYYƏTİ,1001994141,172660,Agos Bagirov,18.05.2023,22:17:39,LEZZET DUNYASI VINEQ,1,2.95,2.95,7.16,1.09,1.09,7.16,0.00,0.00,0.00,0.00,571,NBA FiscalBox,900119100844,Bmh6Xs9R4JPE,0000007877,0.19,17.06.2023,12:19
Bmh6Xs9R4JPE.jpeg,ARAZ SUPERMARKET,"Bakı şəhəri, Xətai rayonu, Məhəmməd Hadi küçəsi, 2942 saylı bina",1001994141-20022,ARAZ SUPERMARKET MƏHDUD MƏSULİYYƏTLİ CƏMİYYƏTİ,1001994141,172660,Agos Bagirov,18.05.2023,22:17:39,ROMASHKA XAMA,1,2.99,2.99,7.16,1.09,1.09,7.16,0.00,0.00,0.00,0.00,571,NBA FiscalBox,900119100844,Bmh6Xs9R4JPE,0000007877,0.19,17.06.2023,12:19
Bmh6Xs9R4JPE.jpeg,ARAZ SUPERMARKET,"Bakı şəhəri, Xətai rayonu, Məhəmməd Hadi küçəsi, 2942 saylı bina",1001994141-20022,ARAZ SUPERMARKET MƏHDUD MƏSULİYYƏTLİ CƏMİYYƏTİ,1001994141,172660,Agos Bagirov,18.05.2023,22:17:39,XAO-XAO COREK,1,0.65,0.65,7.16,1.09,1.09,7.16,0.00,0.00,0.00,0.00,571,NBA FiscalBox,900119100844,Bmh6Xs9R4JPE,0000007877,0.19,17.06.2023,12:19
Bmh6Xs9R4JPE.jpeg,ARAZ SUPERMARKET,"Bakı şəhəri, Xətai rayonu, Məhəmməd Hadi küçəsi, 2942 saylı bina",1001994141-20022,ARAZ SUPERMARKET MƏHDUD MƏSULİYYƏTLİ CƏMİYYƏTİ,1001994141,172660,Agos Bagirov,18.05.2023,22:17:39,Paket Araz,1,0.03,0.03,7.16,1.09,1.09,7.16,0.00,0.00,0.00,0.00,571,NBA FiscalBox,900119100844,Bmh6Xs9R4JPE,0000007877,0.19,17.06.2023,12:19
CwwRhBbWg5Sf.jpeg,ARAZ SUPERMARKET MƏHDUD MƏSULİYYƏTLİ CƏMİYYƏTİ,"Bakı şəhəri, Xudafərin küçəsi, 2942 saylı bina",1001994141-20022,ARAZ SUPERMARKET MƏHDUD MƏSULİYYƏTLİ CƏMİYYƏTİ,1001994141,175167,Agos Bagirov,24.04.2023,22:31:40,SIRAB QAZSIZ SU PET,2,0.80,1.60,2.39,0.24,0.24,2.39,0.00,0.00,0.00,0.00,654,NBA FiscalBox,900119100843,СилиАҺВБИЈӘ551,0000007875,0.04,24.05.2023,06:03
CwwRhBbWg5Sf.jpeg,ARAZ SUPERMARKET MƏHDUD MƏSULİYYƏTLİ CƏMİYYƏTİ,"Bakı şəhəri, Xudafərin küçəsi, 2942 saylı bina",1001994141-20022,ARAZ SUPERMARKET MƏHDUD MƏSULİYYƏTLİ CƏMİYYƏTİ,1001994141,175167,Agos Bagirov,24.04.2023,22:31:40,TENDİR COREYI,1,0.79,0.79,2.39,0.24,0.24,2.39,0.00,0.00,0.00,0.00,654,NBA FiscalBox,900119100843,СилиАҺВБИЈӘ551,0000007875,0.04,24.05.2023,06:03
9La1t95fVigf.jpeg,AQUAPARK MARKET,"AZ1022 BAKI ŞƏHƏRİ, Nəsimi RAYONU, KƏRPİC ev16",1701102351-14010,ANC GROUP MƏHDUD MƏSULİYYƏTLİ CƏMİYYƏTİ,1701102351,188825,Rəsul Moisiyev Denis,10.06.2023,20:40:35,SU SİRAB QAZSIZ,1,0.85,0.85,1.85,0.28,0.28,1.85,0.0,0.0,0.0,0.0,322,IPOS AZ1001,ESOF000127,9La1t95fVigf,0000071135,0.05,10.07.2023,08:39
9La1t95fVigf.jpeg,AQUAPARK MARKET,"AZ1022 BAKI ŞƏHƏRİ, Nəsimi RAYONU, KƏRPİC ev16",1701102351-14010,ANC GROUP MƏHDUD MƏSULİYYƏTLİ CƏMİYYƏTİ,1701102351,188825,Rəsul Moisiyev Denis,10.06.2023,20:40:35,SAQQIZ ORBIT WHITE SPEAR,1,1.00,1.00,1.85,0.28,0.28,1.85,0.0,0.0,0.0,0.0,322,IPOS AZ1001,ESOF000127,9La1t95fVigf,0000071135,0.05,10.07.2023,08:39
9iEG1QZyEFAi.jpeg,ARAZ SUPERMARKET,"Bakı şəhəri, Kətai rayonu, Gəncə pr. ev.2942-ci məhəllə 4-cü korpus",1001994141-20019,ARAZ SUPERMARKET MƏHDUD MƏSULİYYƏTLİ CƏMİYYƏTİ,1001994141,426841,Eliyar Memmedov,10.06.2023,10:14:55,SIRAB QAZSIZ SU PET,4,0.50,2.00,3.00,0.46,0.46,3.00,0.00,0.00,0.00,0.00,187,NBA FiscalBox,900120010612,9iEG1QZyEFAi,0000022720,0.08,10.07.2023,12:00
9iEG1QZyEFAi.jpeg,ARAZ SUPERMARKET,"Bakı şəhəri, Kətai rayonu, Gəncə pr. ev.2942-ci məhəllə 4-cü korpus",1001994141-20019,ARAZ SUPERMARKET MƏHDUD MƏSULİYYƏTLİ CƏMİYYƏTİ,1001994141,426841,Eliyar Memmedov,10.06.2023,10:14:55,ORBİT SAQQIZ SPEARMI,1,1.00,1.00,3.00,0.46,0.46,3.00,0.00,0.00,0.00,0.00,187,NBA FiscalBox,900120010612,9iEG1QZyEFAi,0000022720,0.08,10.07.2023,12:00
7NDVdr31esAC.jpeg,AL MARKET,"Bakı şəhəri, Nərimanov rayonu, İ.Zülfüqarov ev:81",1005498281 -20007,AL MARKET MƏHDUD MƏSULİYYƏTLİ CƏMİYYƏTİ,1005498281,547748,NURANƏ ELTON QIZI,01.01.2024,15:04:25,BETA ÇAY EARL GREY 50,1,2.25,2.25,3.22,0.49,0.49,3.22,0.00,0.00,0.00,,166,NBA FiscalBox,900119090124,7NDVdr316sAC,0000002533,0.09,01.02.2024,01:28
7NDVdr31esAC.jpeg,AL MARKET,"Bakı şəhəri, Nərimanov rayonu, İ.Zülfüqarov ev:81",1005498281 -20007,AL MARKET MƏHDUD MƏSULİYYƏTLİ CƏMİYYƏTİ,1005498281,547748,NURANƏ ELTON QIZI,01.01.2024,15:04:25,MÜŞTƏRİ TORBASI KİÇİK,1,0.03,0.03,3.22,0.49,0.49,3.22,0.00,0.00,0.00,,166,NBA FiscalBox,900119090124,7NDVdr316sAC,0000002533,0.09,01.02.2024,01:28
7NDVdr31esAC.jpeg,AL MARKET,"Bakı şəhəri, Nərimanov rayonu, İ.Zülfüqarov ev:81",1005498281 -20007,AL MARKET MƏHDUD MƏSULİYYƏTLİ CƏMİYYƏTİ,1005498281,547748,NURANƏ ELTON QIZI,01.01.2024,15:04:25,SUN SALFET 22x25CM,1,0.94,0.94,3.22,0.49,0.49,3.22,0.00,0.00,0.00,,166,NBA FiscalBox,900119090124,7NDVdr316sAC,0000002533,0.09,01.02.2024,01:28
GiSWri6ozctN.jpeg,PROMART Məhdud Məsuliyyətli Cəmiyyəti,"AZ1007 BAKI ŞƏHƏRİ, NƏRİMANOV RAYONU, SÜLEYMAN RÜSTƏM KÜÇƏSİ",1702278621-14001,PROMART Məhdud Məsuliyyətli Cəmiyyəti,1702278621,507,Quliyeva Gulnar,15.05.2023,14:07:37,MVT.GM ALCA YERLİ KG,1.23,3.98,4.89,5.67,0.78,0.78,5.67,0.00,0.00,0.00,0.00,507,IBM POS 700,41AVVK12,GiSyiri6ozctN,0000030116,0.02,14.06.2023,05:03
GiSWri6ozctN.jpeg,PROMART Məhdud Məsuliyyətli Cəmiyyəti,"AZ1007 BAKI ŞƏHƏRİ, NƏRİMANOV RAYONU, SÜLEYMAN RÜSTƏM KÜÇƏSİ",1702278621-14001,PROMART Məhdud Məsuliyyətli Cəmiyyəti,1702278621,507,Quliyeva Gulnar,15.05.2023,14:07:37,DUZ SALINA IYOTLU 500 Q,1.0,0.75,0.75,5.67,0.78,0.78,5.67,0.00,0.00,0.00,0.00,507,IBM POS 700,41AVVK12,GiSyiri6ozctN,0000030116,0.02,14.06.2023,05:03
GiSWri6ozctN.jpeg,PROMART Məhdud Məsuliyyətli Cəmiyyəti,"AZ1007 BAKI ŞƏHƏRİ, NƏRİMANOV RAYONU, SÜLEYMAN RÜSTƏM KÜÇƏSİ",1702278621-14001,PROMART Məhdud Məsuliyyətli Cəmiyyəti,1702278621,507,Quliyeva Gulnar,15.05.2023,14:07:37,MAGAZA PAKETİ KİCİK,1.0,0.03,0.03,5.67,0.78,0.78,5.67,0.00,0.00,0.00,0.00,507,IBM POS 700,41AVVK12,GiSyiri6ozctN,0000030116,0.02,14.06.2023,05:03
CZJsxBLAhv6e.jpeg,ARAZ SUPERMARKET,"Bakı şəhəri, Nərimanov rayonu, Gəncə pr. ev. Korpus 04",1001994141-20022,ARAZ SUPERMARKET MƏHDUD MƏSULİYYƏTLİ CƏMİYYƏTİ,1001994141,143146,Eliyar Memmedov,16.03.2023,01:16:22,IVANOVKA DOVGA 450GR,2,1.55,3.10,7.52,1.15,1.15,7.52,0.00,0.00,0.00,0.00,40,NBA FiscalBox,900119100843,CZJsxBLAhv6e,0000007875,0.20,15.04.2023,11:05
CZJsxBLAhv6e.jpeg,ARAZ SUPERMARKET,"Bakı şəhəri, Nərimanov rayonu, Gəncə pr. ev. Korpus 04",1001994141-20022,ARAZ SUPERMARKET MƏHDUD MƏSULİYYƏTLİ CƏMİYYƏTİ,1001994141,143146,Eliyar Memmedov,16.03.2023,01:16:22,EHRMANN SMETANOVNA,1,2.50,2.50,7.52,1.15,1.15,7.52,0.00,0.00,0.00,0.00,40,NBA FiscalBox,900119100843,CZJsxBLAhv6e,0000007875,0.20,15.04.2023,11:05
CZJsxBLAhv6e.jpeg,ARAZ SUPERMARKET,"Bakı şəhəri, Nərimanov rayonu, Gəncə pr. ev. Korpus 04",1001994141-20022,ARAZ SUPERMARKET MƏHDUD MƏSULİYYƏTLİ CƏMİYYƏTİ,1001994141,143146,Eliyar Memmedov,16.03.2023,01:16:22,GREEN RAY YASHIL MOX,1,1.89,1.89,7.52,1.15,1.15,7.52,0.00,0.00,0.00,0.00,40,NBA FiscalBox,900119100843,CZJsxBLAhv6e,0000007875,0.20,15.04.2023,11:05
CZJsxBLAhv6e.jpeg,ARAZ SUPERMARKET,"Bakı şəhəri, Nərimanov rayonu, Gəncə pr. ev. Korpus 04",1001994141-20022,ARAZ SUPERMARKET MƏHDUD MƏSULİYYƏTLİ CƏMİYYƏTİ,1001994141,143146,Eliyar Memmedov,16.03.2023,01:16:22,Paket Araz 27*50 3 K,1,0.03,0.03,7.52,1.15,1.15,7.52,0.00,0.00,0.00,0.00,40,NBA FiscalBox,900119100843,CZJsxBLAhv6e,0000007875,0.20,15.04.2023,11:05
AEvGU2mWuNEe.jpeg,ARAZ SUPERMARKET MƏHDUD MƏSULİYYƏTLİ CƏMİYYƏTİ,"Bakı şəhəri, Xudafərin küçəsi, 2942 saylı bina",1001994141-20022,ARAZ SUPERMARKET MƏHDUD MƏSULİYYƏTLİ CƏMİYYƏTİ,1001994141,3563,Agos Bagirov,03.06.2023,22:48:06,QLOBUS PLOMBİR KOFE,2,0.49,0.98,7.42,1.13,1.13,8.21,0.00,0.00,0.00,0.00,445,NBA FiscalBox,900120010265,AEvGU2mVVuNEe,0000015497,0.20,03.07.2023,07:31
AEvGU2mWuNEe.jpeg,ARAZ SUPERMARKET MƏHDUD MƏSULİYYƏTLİ CƏMİYYƏTİ,"Bakı şəhəri, Xudafərin küçəsi, 2942 saylı bina",1001994141-20022,ARAZ SUPERMARKET MƏHDUD MƏSULİYYƏTLİ CƏMİYYƏTİ,1001994141,3563,Agos Bagirov,03.06.2023,22:48:06,SIRAB QAZSIZ SU PET,2,0.85,1.70,7.42,1.13,1.13,8.21,0.00,0.00,0.00,0.00,445,NBA FiscalBox,900120010265,AEvGU2mVVuNEe,0000015497,0.20,03.07.2023,07:31
AEvGU2mWuNEe.jpeg,ARAZ SUPERMARKET MƏHDUD MƏSULİYYƏTLİ CƏMİYYƏTİ,"Bakı şəhəri, Xudafərin küçəsi, 2942 saylı bina",1001994141-20022,ARAZ SUPERMARKET MƏHDUD MƏSULİYYƏTLİ CƏMİYYƏTİ,1001994141,3563,Agos Bagirov,03.06.2023,22:48:06,TƏMİZLƏYİCİ SÜNGƏR,1,0.79,0.79,7.42,1.13,1.13,8.21,0.00,0.00,0.00,0.00,445,NBA FiscalBox,900120010265,AEvGU2mVVuNEe,0000015497,0.20,03.07.2023,07:31
AEvGU2mWuNEe.jpeg,ARAZ SUPERMARKET MƏHDUD MƏSULİYYƏTLİ CƏMİYYƏTİ,"Bakı şəhəri, Xudafərin küçəsi, 2942 saylı bina",1001994141-20022,ARAZ SUPERMARKET MƏHDUD MƏSULİYYƏTLİ CƏMİYYƏTİ,1001994141,3563,Agos Bagirov,03.06.2023,22:48:06,İVANOVKA DOVĞA,1,1.55,1.55,7.42,1.13,1.13,8.21,0.00,0.00,0.00,0.00,445,NBA FiscalBox,900120010265,AEvGU2mVVuNEe,0000015497,0.20,03.07.2023,07:31
AEvGU2mWuNEe.jpeg,ARAZ SUPERMARKET MƏHDUD MƏSULİYYƏTLİ CƏMİYYƏTİ,"Bakı şəhəri, Xudafərin küçəsi, 2942 saylı bina",1001994141-20022,ARAZ SUPERMARKET MƏHDUD MƏSULİYYƏTLİ CƏMİYYƏTİ,1001994141,3563,Agos Bagirov,03.06.2023,22:48:06,FRESH FM SOR,1,3.19,3.19,7.42,1.13,1.13,8.21,0.00,0.00,0.00,0.00,445,NBA FiscalBox,900120010265,AEvGU2mVVuNEe,0000015497,0.20,03.07.2023,07:31
4fjBcM3jed4D.jpeg,ARAZ SUPERMARKET,"Bakı şəhəri, Nərimanov rayonu, Gəncə pr. ev. Korpus 04, 09 m. 2942 saylı bina",1001994141-20022,ARAZ SUPERMARKET MƏHDUD MƏSULİYYƏTLİ CƏMİYYƏTİ,1001994141,330264,Zohra Babayeva,18.12.2023,21:20:31,BİC ALISQAN,5,1.25,6.25,8.54,1.30,1.30,8.54,0.00,0.00,0.00,0.00,248,NBA FiscalBox,900119100844,4fiBcM3)ed4D,0000007877,0.23,19.01.2024,09:43
4fjBcM3jed4D.jpeg,ARAZ SUPERMARKET,"Bakı şəhəri, Nərimanov rayonu, Gəncə pr. ev. Korpus 04, 09 m. 2942 saylı bina",1001994141-20022,ARAZ SUPERMARKET MƏHDUD MƏSULİYYƏTLİ CƏMİYYƏTİ,1001994141,330264,Zohra Babayeva,18.12.2023,21:20:31,XLEBNİY SPAS PEC.OVS,1,1.85,1.85,8.54,1.30,1.30,8.54,0.00,0.00,0.00,0.00,248,NBA FiscalBox,900119100844,4fiBcM3)ed4D,0000007877,0.23,19.01.2024,09:43
4fjBcM3jed4D.jpeg,ARAZ SUPERMARKET,"Bakı şəhəri, Nərimanov rayonu, Gəncə pr. ev. Korpus 04, 09 m. 2942 saylı bina",1001994141-20022,ARAZ SUPERMARKET MƏHDUD MƏSULİYYƏTLİ CƏMİYYƏTİ,1001994141,330264,Zohra Babayeva,18.12.2023,21:20:31,SARİKİZ YABAN MERSİN,1,1.00,1.00,8.54,1.30,1.30,8.54,0.00,0.00,0.00,0.00,248,NBA FiscalBox,900119100844,4fiBcM3)ed4D,0000007877,0.23,19.01.2024,09:43
4fjBcM3jed4D.jpeg,ARAZ SUPERMARKET,"Bakı şəhəri, Nərimanov rayonu, Gəncə pr. ev. Korpus 04, 09 m. 2942 saylı bina",1001994141-20022,ARAZ SUPERMARKET MƏHDUD MƏSULİYYƏTLİ CƏMİYYƏTİ,1001994141,330264,Zohra Babayeva,18.12.2023,21:20:31,İYUBİMİY SİRE,2,4.39,8.78,8.54,1.30,1.30,8.54,0.00,0.00,0.00,0.00,248,NBA FiscalBox,900119100844,4fiBcM3)ed4D,0000007877,0.23,19.01.2024,09:43
4fjBcM3jed4D.jpeg,ARAZ SUPERMARKET,"Bakı şəhəri, Nərimanov rayonu, Gəncə pr. ev. Korpus 04, 09 m. 2942 saylı bina",1001994141-20022,ARAZ SUPERMARKET MƏHDUD MƏSULİYYƏTLİ CƏMİYYƏTİ,1001994141,330264,Zohra Babayeva,18.12.2023,21:20:31,Paket Araz 31*60 5KG,1,0.05,0.05,8.54,1.30,1.30,8.54,0.00,0.00,0.00,0.00,248,NBA FiscalBox,900119100844,4fiBcM3)ed4D,0000007877,0.23,19.01.2024,09:43
HNZdbYNj18hu.jpeg,ARAZ SUPERMARKET MƏHDUD MƏSULİYYƏTLİ CƏMİYYƏTİ,"Bakı şəhəri, Xudafərin küçəsi, 2942 saylı bina",1001994141-20022,ARAZ SUPERMARKET MƏHDUD MƏSULİYYƏTLİ CƏMİYYƏTİ,1001994141,2582,Zohra Babayeva,02.06.2023,22:07:57,İVANOVKA DOVGA,2,1.58,3.16,7.58,1.04,1.04,7.58,0.00,0.00,0.00,0.00,608,NBA FiscalBox,900120010265,HNZdbYNi18hu,0000015497,0.18,02.07.2023,07:48
HNZdbYNj18hu.jpeg,ARAZ SUPERMARKET MƏHDUD MƏSULİYYƏTLİ CƏMİYYƏTİ,"Bakı şəhəri, Xudafərin küçəsi, 2942 saylı bina",1001994141-20022,ARAZ SUPERMARKET MƏHDUD MƏSULİYYƏTLİ CƏMİYYƏTİ,1001994141,2582,Zohra Babayeva,02.06.2023,22:07:57,LEZZET DUNYASI VİNEQ,1,2.95,2.95,7.58,1.04,1.04,7.58,0.00,0.00,0.00,0.00,608,NBA FiscalBox,900120010265,HNZdbYNi18hu,0000015497,0.18,02.07.2023,07:48
HNZdbYNj18hu.jpeg,ARAZ SUPERMARKET MƏHDUD MƏSULİYYƏTLİ CƏMİYYƏTİ,"Bakı şəhəri, Xudafərin küçəsi, 2942 saylı bina",1001994141-20022,ARAZ SUPERMARKET MƏHDUD MƏSULİYYƏTLİ CƏMİYYƏTİ,1001994141,2582,Zohra Babayeva,02.06.2023,22:07:57,BAKILI QIZ DON.QEHVE,1,0.69,0.69,7.58,1.04,1.04,7.58,0.00,0.00,0.00,0.00,608,NBA FiscalBox,900120010265,HNZdbYNi18hu,0000015497,0.18,02.07.2023,07:48
HNZdbYNj18hu.jpeg,ARAZ SUPERMARKET MƏHDUD MƏSULİYYƏTLİ CƏMİYYƏTİ,"Bakı şəhəri, Xudafərin küçəsi, 2942 saylı bina",1001994141-20022,ARAZ SUPERMARKET MƏHDUD MƏSULİYYƏTLİ CƏMİYYƏTİ,1001994141,2582,Zohra Babayeva,02.06.2023,22:07:57,TENDİR COREYİ,1,0.79,0.79,7.58,1.04,1.04,7.58,0.00,0.00,0.00,0.00,608,NBA FiscalBox,900120010265,HNZdbYNi18hu,0000015497,0.18,02.07.2023,07:48
HNZdbYNj18hu.jpeg,ARAZ SUPERMARKET MƏHDUD MƏSULİYYƏTLİ CƏMİYYƏTİ,"Bakı şəhəri, Xudafərin küçəsi, 2942 saylı bina",1001994141-20022,ARAZ SUPERMARKET MƏHDUD MƏSULİYYƏTLİ CƏMİYYƏTİ,1001994141,2582,Zohra Babayeva,02.06.2023,22:07:57,Paket Araz 31*60 5KG,1,0.05,0.05,7.58,1.04,1.04,7.58,0.00,0.00,0.00,0.00,608,NBA FiscalBox,900120010265,HNZdbYNi18hu,0000015497,0.18,02.07.2023,07:48
